accession,kind,path,sha256,source_url,database_lookup_url,downloaded_at_utc,source_version,embedded_revision_date,license_or_terms_url,use
8X5B,original_mmcif,data/raw/XPR1_structures/8X5B.cif,cf0cdc52a244f6df69942f0967fa7e2eb3339273371d6957ef9c50e05b615d7e,https://raw.githubusercontent.com/66H6/XPR1/c1b1b7d967f125eb10f2927f0800ab384782c1b1/data/raw/XPR1_structures/8X5B.cif,https://www.rcsb.org/structure/8X5B,NOT_RECORDED,git:c1b1b7d967f125eb10f2927f0800ab384782c1b1,2025-07-02,https://www.wwpdb.org/about/usage-policies,第4节结构QC的原始输入；尚未批准用于生成或评分
8X5E,original_mmcif,data/raw/XPR1_structures/8X5E.cif,06adc2024bc0b5a823b31ca8cbcc347b4ce648be84e5d0722f488a296d2d2c54,https://raw.githubusercontent.com/66H6/XPR1/c1b1b7d967f125eb10f2927f0800ab384782c1b1/data/raw/XPR1_structures/8X5E.cif,https://www.rcsb.org/structure/8X5E,NOT_RECORDED,git:c1b1b7d967f125eb10f2927f0800ab384782c1b1,2025-07-02,https://www.wwpdb.org/about/usage-policies,第4节结构QC的原始输入；尚未批准用于生成或评分
8X5F,original_mmcif,data/raw/XPR1_structures/8X5F.cif,f0ec22c44684078689d256a18212807d101c535a74d1c1dbcc0ea4cdb1a434aa,https://raw.githubusercontent.com/66H6/XPR1/c1b1b7d967f125eb10f2927f0800ab384782c1b1/data/raw/XPR1_structures/8X5F.cif,https://www.rcsb.org/structure/8X5F,NOT_RECORDED,git:c1b1b7d967f125eb10f2927f0800ab384782c1b1,2025-07-02,https://www.wwpdb.org/about/usage-policies,第4节结构QC的原始输入；尚未批准用于生成或评分
8YET,original_mmcif,data/raw/XPR1_structures/8YET.cif,6c85036d69adee180535b9a27fa14ada937de7d0fd1dd7cb56b5de47565ccdfd,https://raw.githubusercontent.com/66H6/XPR1/c1b1b7d967f125eb10f2927f0800ab384782c1b1/data/raw/XPR1_structures/8YET.cif,https://www.rcsb.org/structure/8YET,NOT_RECORDED,git:c1b1b7d967f125eb10f2927f0800ab384782c1b1,2024-12-18,https://www.wwpdb.org/about/usage-policies,第4节结构QC的原始输入；尚未批准用于生成或评分
8YEX,original_mmcif,data/raw/XPR1_structures/8YEX.cif,6343726b548fe22687769d909a743a441ff9d1f3cd1f80e79ad8a060b8840fa9,https://raw.githubusercontent.com/66H6/XPR1/c1b1b7d967f125eb10f2927f0800ab384782c1b1/data/raw/XPR1_structures/8YEX.cif,https://www.rcsb.org/structure/8YEX,NOT_RECORDED,git:c1b1b7d967f125eb10f2927f0800ab384782c1b1,2024-12-18,https://www.wwpdb.org/about/usage-policies,第4节结构QC的原始输入；尚未批准用于生成或评分
8YF4,original_mmcif,data/raw/XPR1_structures/8YF4.cif,1efcd3f5c991c9a67f5c006ed950b132e2d55fe96271384ae5ebfe429cb73556,https://raw.githubusercontent.com/66H6/XPR1/c1b1b7d967f125eb10f2927f0800ab384782c1b1/data/raw/XPR1_structures/8YF4.cif,https://www.rcsb.org/structure/8YF4,NOT_RECORDED,git:c1b1b7d967f125eb10f2927f0800ab384782c1b1,2024-12-18,https://www.wwpdb.org/about/usage-policies,第4节结构QC的原始输入；尚未批准用于生成或评分
8YFD,original_mmcif,data/raw/XPR1_structures/8YFD.cif,0f0f41535ee39dec1b8ca1aaafd30a75365bd130064e6ef99fd869dbd6b0afff,https://raw.githubusercontent.com/66H6/XPR1/c1b1b7d967f125eb10f2927f0800ab384782c1b1/data/raw/XPR1_structures/8YFD.cif,https://www.rcsb.org/structure/8YFD,NOT_RECORDED,git:c1b1b7d967f125eb10f2927f0800ab384782c1b1,2025-07-16,https://www.wwpdb.org/about/usage-policies,第4节结构QC的原始输入；尚未批准用于生成或评分
8YFU,original_mmcif,data/raw/XPR1_structures/8YFU.cif,84ca042c2ffe53cb24d9eb9e68cb074ca9c930f1611feef6e0b47b56f013b771,https://raw.githubusercontent.com/66H6/XPR1/c1b1b7d967f125eb10f2927f0800ab384782c1b1/data/raw/XPR1_structures/8YFU.cif,https://www.rcsb.org/structure/8YFU,NOT_RECORDED,git:c1b1b7d967f125eb10f2927f0800ab384782c1b1,2024-12-18,https://www.wwpdb.org/about/usage-policies,第4节结构QC的原始输入；尚未批准用于生成或评分
8YFW,original_mmcif,data/raw/XPR1_structures/8YFW.cif,eeff1e6cabfb7afd2b352b71a5700b243e35134ad15b2b341316d64127ef5d7f,https://raw.githubusercontent.com/66H6/XPR1/c1b1b7d967f125eb10f2927f0800ab384782c1b1/data/raw/XPR1_structures/8YFW.cif,https://www.rcsb.org/structure/8YFW,NOT_RECORDED,git:c1b1b7d967f125eb10f2927f0800ab384782c1b1,2024-12-18,https://www.wwpdb.org/about/usage-policies,第4节结构QC的原始输入；尚未批准用于生成或评分
8YFX,original_mmcif,data/raw/XPR1_structures/8YFX.cif,3424d2a4cc66d7e77937648f178bb78a500d054a5c6d1f866a317b4263a46477,https://raw.githubusercontent.com/66H6/XPR1/c1b1b7d967f125eb10f2927f0800ab384782c1b1/data/raw/XPR1_structures/8YFX.cif,https://www.rcsb.org/structure/8YFX,NOT_RECORDED,git:c1b1b7d967f125eb10f2927f0800ab384782c1b1,2024-12-18,https://www.wwpdb.org/about/usage-policies,第4节结构QC的原始输入；尚未批准用于生成或评分
9IWS,original_mmcif,data/raw/XPR1_structures/9IWS.cif,f213e6fab2e3d1132de86013764fdc4fdfee14ec5fce5e109283147433ab758d,https://raw.githubusercontent.com/66H6/XPR1/c1b1b7d967f125eb10f2927f0800ab384782c1b1/data/raw/XPR1_structures/9IWS.cif,https://www.rcsb.org/structure/9IWS,NOT_RECORDED,git:c1b1b7d967f125eb10f2927f0800ab384782c1b1,2024-12-18,https://www.wwpdb.org/about/usage-policies,第4节结构QC的原始输入；尚未批准用于生成或评分
9J4X,original_mmcif,data/raw/XPR1_structures/9J4X.cif,2d974d7e9d0e5ae25fabcf3b6e10d32c49fe085f6bd4185ce9774c519bce4079,https://raw.githubusercontent.com/66H6/XPR1/c1b1b7d967f125eb10f2927f0800ab384782c1b1/data/raw/XPR1_structures/9J4X.cif,https://www.rcsb.org/structure/9J4X,NOT_RECORDED,git:c1b1b7d967f125eb10f2927f0800ab384782c1b1,2025-07-23,https://www.wwpdb.org/about/usage-policies,第4节结构QC的原始输入；尚未批准用于生成或评分
9J51,original_mmcif,data/raw/XPR1_structures/9J51.cif,28795c27e7d1af2f64c403231a99fad179f02ce3949c2d30b332130de936dfb5,https://raw.githubusercontent.com/66H6/XPR1/c1b1b7d967f125eb10f2927f0800ab384782c1b1/data/raw/XPR1_structures/9J51.cif,https://www.rcsb.org/structure/9J51,NOT_RECORDED,git:c1b1b7d967f125eb10f2927f0800ab384782c1b1,2025-07-16,https://www.wwpdb.org/about/usage-policies,第4节结构QC的原始输入；尚未批准用于生成或评分
9J52,original_mmcif,data/raw/XPR1_structures/9J52.cif,d68c5a39a2038fd5c268c8855e4c75551fea7db16a8f9b6f799b673bb22e661a,https://raw.githubusercontent.com/66H6/XPR1/c1b1b7d967f125eb10f2927f0800ab384782c1b1/data/raw/XPR1_structures/9J52.cif,https://www.rcsb.org/structure/9J52,NOT_RECORDED,git:c1b1b7d967f125eb10f2927f0800ab384782c1b1,2025-07-23,https://www.wwpdb.org/about/usage-policies,第4节结构QC的原始输入；尚未批准用于生成或评分
9J53,original_mmcif,data/raw/XPR1_structures/9J53.cif,45d5de477a133744830a0f1e026c557642c035f98f6d58c3b8c66205600d031b,https://raw.githubusercontent.com/66H6/XPR1/c1b1b7d967f125eb10f2927f0800ab384782c1b1/data/raw/XPR1_structures/9J53.cif,https://www.rcsb.org/structure/9J53,NOT_RECORDED,git:c1b1b7d967f125eb10f2927f0800ab384782c1b1,2025-07-16,https://www.wwpdb.org/about/usage-policies,第4节结构QC的原始输入；尚未批准用于生成或评分
9IJY,original_mmcif,data/raw/XPR1_structures/9IJY.cif,aaa47987f17881c809af5561433e9360ffb321013230a8e5c282d9b0c8e46dd6,https://raw.githubusercontent.com/66H6/XPR1/c1b1b7d967f125eb10f2927f0800ab384782c1b1/data/raw/XPR1_structures/9IJY.cif,https://www.rcsb.org/structure/9IJY,NOT_RECORDED,git:c1b1b7d967f125eb10f2927f0800ab384782c1b1,2025-06-25,https://www.wwpdb.org/about/usage-policies,第4节结构QC的原始输入；尚未批准用于生成或评分
9IJZ,original_mmcif,data/raw/XPR1_structures/9IJZ.cif,0027cc651b055b82fc8d6f75a6d19b7bb999b3c5c78575bd1a21ab119902ad80,https://raw.githubusercontent.com/66H6/XPR1/c1b1b7d967f125eb10f2927f0800ab384782c1b1/data/raw/XPR1_structures/9IJZ.cif,https://www.rcsb.org/structure/9IJZ,NOT_RECORDED,git:c1b1b7d967f125eb10f2927f0800ab384782c1b1,2025-06-18,https://www.wwpdb.org/about/usage-policies,第4节结构QC的原始输入；尚未批准用于生成或评分
9J97,original_mmcif,data/raw/XPR1_structures/9J97.cif,8e36bea7a807724cba00bced824ac7076e7cd5893ebbbcb41624d1a3aac9ca64,https://raw.githubusercontent.com/66H6/XPR1/c1b1b7d967f125eb10f2927f0800ab384782c1b1/data/raw/XPR1_structures/9J97.cif,https://www.rcsb.org/structure/9J97,NOT_RECORDED,git:c1b1b7d967f125eb10f2927f0800ab384782c1b1,2025-07-23,https://www.wwpdb.org/about/usage-policies,第4节结构QC的原始输入；尚未批准用于生成或评分
9J98,original_mmcif,data/raw/XPR1_structures/9J98.cif,88bb88e54e797046313062f433da13e4e5b20d4bb635e63606b50d0675066691,https://raw.githubusercontent.com/66H6/XPR1/c1b1b7d967f125eb10f2927f0800ab384782c1b1/data/raw/XPR1_structures/9J98.cif,https://www.rcsb.org/structure/9J98,NOT_RECORDED,git:c1b1b7d967f125eb10f2927f0800ab384782c1b1,2025-07-16,https://www.wwpdb.org/about/usage-policies,第4节结构QC的原始输入；尚未批准用于生成或评分
9DVJ,original_mmcif,data/raw/XPR1_structures/9DVJ.cif,f4e1f9284483ea79f5fd8930bcd5675a9afe1d7d2f53ad7935881bf551c643a9,https://raw.githubusercontent.com/66H6/XPR1/c1b1b7d967f125eb10f2927f0800ab384782c1b1/data/raw/XPR1_structures/9DVJ.cif,https://www.rcsb.org/structure/9DVJ,NOT_RECORDED,git:c1b1b7d967f125eb10f2927f0800ab384782c1b1,2025-04-02,https://www.wwpdb.org/about/usage-policies,第4节结构QC的原始输入；尚未批准用于生成或评分
9DVK,original_mmcif,data/raw/XPR1_structures/9DVK.cif,fe489d938558bb20a373f2e0449376e6d7cece47932634745c7703d1e0bed3d2,https://raw.githubusercontent.com/66H6/XPR1/c1b1b7d967f125eb10f2927f0800ab384782c1b1/data/raw/XPR1_structures/9DVK.cif,https://www.rcsb.org/structure/9DVK,NOT_RECORDED,git:c1b1b7d967f125eb10f2927f0800ab384782c1b1,2025-05-28,https://www.wwpdb.org/about/usage-policies,第4节结构QC的原始输入；尚未批准用于生成或评分
9DVL,original_mmcif,data/raw/XPR1_structures/9DVL.cif,9ce6af6bf1f08995f480fdeec8791b4c1ce1dff886b293d083da48d413982df0,https://raw.githubusercontent.com/66H6/XPR1/c1b1b7d967f125eb10f2927f0800ab384782c1b1/data/raw/XPR1_structures/9DVL.cif,https://www.rcsb.org/structure/9DVL,NOT_RECORDED,git:c1b1b7d967f125eb10f2927f0800ab384782c1b1,2025-05-14,https://www.wwpdb.org/about/usage-policies,第4节结构QC的原始输入；尚未批准用于生成或评分
9DVM,original_mmcif,data/raw/XPR1_structures/9DVM.cif,77184c4a2f146b3efdd02c7a446bd21eb6e8b663b4229d1ed9e22a0c74b51d4f,https://raw.githubusercontent.com/66H6/XPR1/c1b1b7d967f125eb10f2927f0800ab384782c1b1/data/raw/XPR1_structures/9DVM.cif,https://www.rcsb.org/structure/9DVM,NOT_RECORDED,git:c1b1b7d967f125eb10f2927f0800ab384782c1b1,2025-05-14,https://www.wwpdb.org/about/usage-policies,第4节结构QC的原始输入；尚未批准用于生成或评分
9DVN,original_mmcif,data/raw/XPR1_structures/9DVN.cif,52589222e7cc316796cbc50a3c2233eba39a2ef682e0e40b156cc1698ae52bd6,https://raw.githubusercontent.com/66H6/XPR1/c1b1b7d967f125eb10f2927f0800ab384782c1b1/data/raw/XPR1_structures/9DVN.cif,https://www.rcsb.org/structure/9DVN,NOT_RECORDED,git:c1b1b7d967f125eb10f2927f0800ab384782c1b1,2025-05-28,https://www.wwpdb.org/about/usage-policies,第4节结构QC的原始输入；尚未批准用于生成或评分
9DVO,original_mmcif,data/raw/XPR1_structures/9DVO.cif,b1af9967ac0c4547f05ec2a03fd893c1d7aea48d0d5c22f40d6d1c21d182763d,https://raw.githubusercontent.com/66H6/XPR1/c1b1b7d967f125eb10f2927f0800ab384782c1b1/data/raw/XPR1_structures/9DVO.cif,https://www.rcsb.org/structure/9DVO,NOT_RECORDED,git:c1b1b7d967f125eb10f2927f0800ab384782c1b1,2025-05-28,https://www.wwpdb.org/about/usage-policies,第4节结构QC的原始输入；尚未批准用于生成或评分
9DVP,original_mmcif,data/raw/XPR1_structures/9DVP.cif,2786117632cdaabf9c569b8427f56784556c3684cbf209b562b3e1a929e631b3,https://raw.githubusercontent.com/66H6/XPR1/c1b1b7d967f125eb10f2927f0800ab384782c1b1/data/raw/XPR1_structures/9DVP.cif,https://www.rcsb.org/structure/9DVP,NOT_RECORDED,git:c1b1b7d967f125eb10f2927f0800ab384782c1b1,2025-06-04,https://www.wwpdb.org/about/usage-policies,第4节结构QC的原始输入；尚未批准用于生成或评分
9INE,original_mmcif,data/raw/XPR1_structures/9INE.cif,d9557cbe498eb0bf992b688ac370c656e7dff53385adeb55ee387c516f922d22,https://raw.githubusercontent.com/66H6/XPR1/c1b1b7d967f125eb10f2927f0800ab384782c1b1/data/raw/XPR1_structures/9INE.cif,https://www.rcsb.org/structure/9INE,NOT_RECORDED,git:c1b1b7d967f125eb10f2927f0800ab384782c1b1,2025-07-23,https://www.wwpdb.org/about/usage-policies,第4节结构QC的原始输入；尚未批准用于生成或评分
9INF,original_mmcif,data/raw/XPR1_structures/9INF.cif,fbdd5aa3c47bfb8c59e4530158d55c86ade781a48bfee7aa54062cba59392ef0,https://raw.githubusercontent.com/66H6/XPR1/c1b1b7d967f125eb10f2927f0800ab384782c1b1/data/raw/XPR1_structures/9INF.cif,https://www.rcsb.org/structure/9INF,NOT_RECORDED,git:c1b1b7d967f125eb10f2927f0800ab384782c1b1,2025-07-23,https://www.wwpdb.org/about/usage-policies,第4节结构QC的原始输入；尚未批准用于生成或评分
9INH,original_mmcif,data/raw/XPR1_structures/9INH.cif,4994ad41c18b5e89a774b5d272850f511d431510b78c386730324c83c15a13c0,https://raw.githubusercontent.com/66H6/XPR1/c1b1b7d967f125eb10f2927f0800ab384782c1b1/data/raw/XPR1_structures/9INH.cif,https://www.rcsb.org/structure/9INH,NOT_RECORDED,git:c1b1b7d967f125eb10f2927f0800ab384782c1b1,2025-07-23,https://www.wwpdb.org/about/usage-policies,第4节结构QC的原始输入；尚未批准用于生成或评分
9ITG,original_mmcif,data/raw/XPR1_structures/9ITG.cif,9a8e9436c03366ac83c6e53afeaaf3317c5ea9ba8d1f424dd9647de2f2e64beb,https://raw.githubusercontent.com/66H6/XPR1/c1b1b7d967f125eb10f2927f0800ab384782c1b1/data/raw/XPR1_structures/9ITG.cif,https://www.rcsb.org/structure/9ITG,NOT_RECORDED,git:c1b1b7d967f125eb10f2927f0800ab384782c1b1,2025-07-23,https://www.wwpdb.org/about/usage-policies,第4节结构QC的原始输入；尚未批准用于生成或评分
9IUC,original_mmcif,data/raw/XPR1_structures/9IUC.cif,084e4f53557be1d2fb8ef3cacc7be62cb81bcb67655d5bc041601d442f8820af,https://raw.githubusercontent.com/66H6/XPR1/c1b1b7d967f125eb10f2927f0800ab384782c1b1/data/raw/XPR1_structures/9IUC.cif,https://www.rcsb.org/structure/9IUC,NOT_RECORDED,git:c1b1b7d967f125eb10f2927f0800ab384782c1b1,2025-07-23,https://www.wwpdb.org/about/usage-policies,第4节结构QC的原始输入；尚未批准用于生成或评分
8ZTO,original_mmcif,data/raw/XPR1_structures/8ZTO.cif,fa3037a65d615517465a8a98df903ca1ef7aecfcd4f56f533c58c12ca65297de,https://raw.githubusercontent.com/66H6/XPR1/c1b1b7d967f125eb10f2927f0800ab384782c1b1/data/raw/XPR1_structures/8ZTO.cif,https://www.rcsb.org/structure/8ZTO,NOT_RECORDED,git:c1b1b7d967f125eb10f2927f0800ab384782c1b1,2025-07-23,https://www.wwpdb.org/about/usage-policies,第4节结构QC的原始输入；尚未批准用于生成或评分
9CKZ,original_mmcif,data/raw/XPR1_structures/9CKZ.cif,4f3f9aa12fc4ffce163a98054a32898ba3648b681ed0ddde1cb8d9193c4873d9,https://raw.githubusercontent.com/66H6/XPR1/c1b1b7d967f125eb10f2927f0800ab384782c1b1/data/raw/XPR1_structures/9CKZ.cif,https://www.rcsb.org/structure/9CKZ,NOT_RECORDED,git:c1b1b7d967f125eb10f2927f0800ab384782c1b1,2025-06-18,https://www.wwpdb.org/about/usage-policies,第4节结构QC的原始输入；尚未批准用于生成或评分
9CL0,original_mmcif,data/raw/XPR1_structures/9CL0.cif,bd95caf5bb145cdfeba844db113a7daf2a904d062461fac1f15a1cf69280fd4c,https://raw.githubusercontent.com/66H6/XPR1/c1b1b7d967f125eb10f2927f0800ab384782c1b1/data/raw/XPR1_structures/9CL0.cif,https://www.rcsb.org/structure/9CL0,NOT_RECORDED,git:c1b1b7d967f125eb10f2927f0800ab384782c1b1,2025-06-18,https://www.wwpdb.org/about/usage-policies,第4节结构QC的原始输入；尚未批准用于生成或评分
9JXD,original_mmcif,data/raw/XPR1_structures/9JXD.cif,e059d90bb9d88c21072df602182278aa44789b0b306155f6a181f76eed84cc82,https://raw.githubusercontent.com/66H6/XPR1/c1b1b7d967f125eb10f2927f0800ab384782c1b1/data/raw/XPR1_structures/9JXD.cif,https://www.rcsb.org/structure/9JXD,NOT_RECORDED,git:c1b1b7d967f125eb10f2927f0800ab384782c1b1,2025-09-17,https://www.wwpdb.org/about/usage-policies,第4节结构QC的原始输入；尚未批准用于生成或评分
9JXE,original_mmcif,data/raw/XPR1_structures/9JXE.cif,c0d10a50e6c2f7d8523a65065fdc1c4a0db816c0c89c5a639d490990378333fc,https://raw.githubusercontent.com/66H6/XPR1/c1b1b7d967f125eb10f2927f0800ab384782c1b1/data/raw/XPR1_structures/9JXE.cif,https://www.rcsb.org/structure/9JXE,NOT_RECORDED,git:c1b1b7d967f125eb10f2927f0800ab384782c1b1,2025-09-17,https://www.wwpdb.org/about/usage-policies,第4节结构QC的原始输入；尚未批准用于生成或评分
9JXF,original_mmcif,data/raw/XPR1_structures/9JXF.cif,8320d199b792ec7cf11b5dbce450f299728a222694728932cc50bfa85eb235e0,https://raw.githubusercontent.com/66H6/XPR1/c1b1b7d967f125eb10f2927f0800ab384782c1b1/data/raw/XPR1_structures/9JXF.cif,https://www.rcsb.org/structure/9JXF,NOT_RECORDED,git:c1b1b7d967f125eb10f2927f0800ab384782c1b1,2025-09-17,https://www.wwpdb.org/about/usage-policies,第4节结构QC的原始输入；尚未批准用于生成或评分
9JXG,original_mmcif,data/raw/XPR1_structures/9JXG.cif,871c69b6ca2408da484e3ccebc540444af0064e4b3369d171de3f2529841e3ea,https://raw.githubusercontent.com/66H6/XPR1/c1b1b7d967f125eb10f2927f0800ab384782c1b1/data/raw/XPR1_structures/9JXG.cif,https://www.rcsb.org/structure/9JXG,NOT_RECORDED,git:c1b1b7d967f125eb10f2927f0800ab384782c1b1,2025-09-17,https://www.wwpdb.org/about/usage-policies,第4节结构QC的原始输入；尚未批准用于生成或评分
9JXH,original_mmcif,data/raw/XPR1_structures/9JXH.cif,de8b68466487ef45cfb5020342d203bcf7bec96611b3bd00a66bca931d452972,https://raw.githubusercontent.com/66H6/XPR1/c1b1b7d967f125eb10f2927f0800ab384782c1b1/data/raw/XPR1_structures/9JXH.cif,https://www.rcsb.org/structure/9JXH,NOT_RECORDED,git:c1b1b7d967f125eb10f2927f0800ab384782c1b1,2025-09-17,https://www.wwpdb.org/about/usage-policies,第4节结构QC的原始输入；尚未批准用于生成或评分
9JXI,original_mmcif,data/raw/XPR1_structures/9JXI.cif,68be401a2f3d6545efc3b692fae56603912f7ac1233848527b11d30b541d8695,https://raw.githubusercontent.com/66H6/XPR1/c1b1b7d967f125eb10f2927f0800ab384782c1b1/data/raw/XPR1_structures/9JXI.cif,https://www.rcsb.org/structure/9JXI,NOT_RECORDED,git:c1b1b7d967f125eb10f2927f0800ab384782c1b1,2025-09-17,https://www.wwpdb.org/about/usage-policies,第4节结构QC的原始输入；尚未批准用于生成或评分
9JXJ,original_mmcif,data/raw/XPR1_structures/9JXJ.cif,2625b4885f9bb61fe6202cdfbc1a3d8c35980df6d4e083031cf9c5b0455b91d8,https://raw.githubusercontent.com/66H6/XPR1/c1b1b7d967f125eb10f2927f0800ab384782c1b1/data/raw/XPR1_structures/9JXJ.cif,https://www.rcsb.org/structure/9JXJ,NOT_RECORDED,git:c1b1b7d967f125eb10f2927f0800ab384782c1b1,2025-09-17,https://www.wwpdb.org/about/usage-policies,第4节结构QC的原始输入；尚未批准用于生成或评分
9JXK,original_mmcif,data/raw/XPR1_structures/9JXK.cif,86edc50000e5ae0fa62eacf297bfbba3cdadbac5e56e29ba2df58b2942d5b354,https://raw.githubusercontent.com/66H6/XPR1/c1b1b7d967f125eb10f2927f0800ab384782c1b1/data/raw/XPR1_structures/9JXK.cif,https://www.rcsb.org/structure/9JXK,NOT_RECORDED,git:c1b1b7d967f125eb10f2927f0800ab384782c1b1,2025-09-17,https://www.wwpdb.org/about/usage-policies,第4节结构QC的原始输入；尚未批准用于生成或评分
9JXL,original_mmcif,data/raw/XPR1_structures/9JXL.cif,36564de250f22e1f8459f7937db8b44c3a34d95467b222b7f70c960b60423af6,https://raw.githubusercontent.com/66H6/XPR1/c1b1b7d967f125eb10f2927f0800ab384782c1b1/data/raw/XPR1_structures/9JXL.cif,https://www.rcsb.org/structure/9JXL,NOT_RECORDED,git:c1b1b7d967f125eb10f2927f0800ab384782c1b1,2025-09-17,https://www.wwpdb.org/about/usage-policies,第4节结构QC的原始输入；尚未批准用于生成或评分
9JXM,original_mmcif,data/raw/XPR1_structures/9JXM.cif,31ef09d29a7b5a5d8ef363ec662594056f461a68eff2540e5c6412facc8d1f09,https://raw.githubusercontent.com/66H6/XPR1/c1b1b7d967f125eb10f2927f0800ab384782c1b1/data/raw/XPR1_structures/9JXM.cif,https://www.rcsb.org/structure/9JXM,NOT_RECORDED,git:c1b1b7d967f125eb10f2927f0800ab384782c1b1,2025-09-17,https://www.wwpdb.org/about/usage-policies,第4节结构QC的原始输入；尚未批准用于生成或评分
9JXN,original_mmcif,data/raw/XPR1_structures/9JXN.cif,9494933a6124ae45e75d37fdfa112581f2ac4b6cd433b78740223ab4be0d4c1d,https://raw.githubusercontent.com/66H6/XPR1/c1b1b7d967f125eb10f2927f0800ab384782c1b1/data/raw/XPR1_structures/9JXN.cif,https://www.rcsb.org/structure/9JXN,NOT_RECORDED,git:c1b1b7d967f125eb10f2927f0800ab384782c1b1,2025-09-17,https://www.wwpdb.org/about/usage-policies,第4节结构QC的原始输入；尚未批准用于生成或评分
9JXO,original_mmcif,data/raw/XPR1_structures/9JXO.cif,798e0e31afe2561c529a32e05424f1ba97cbab4fe08b2edff8db70227d0c5902,https://raw.githubusercontent.com/66H6/XPR1/c1b1b7d967f125eb10f2927f0800ab384782c1b1/data/raw/XPR1_structures/9JXO.cif,https://www.rcsb.org/structure/9JXO,NOT_RECORDED,git:c1b1b7d967f125eb10f2927f0800ab384782c1b1,2025-09-17,https://www.wwpdb.org/about/usage-policies,第4节结构QC的原始输入；尚未批准用于生成或评分
9JXP,original_mmcif,data/raw/XPR1_structures/9JXP.cif,6eb2cac2f2fc2f8f00e6822246ed15018cd1ee4dad25cd53634dca587ed6b25e,https://raw.githubusercontent.com/66H6/XPR1/c1b1b7d967f125eb10f2927f0800ab384782c1b1/data/raw/XPR1_structures/9JXP.cif,https://www.rcsb.org/structure/9JXP,NOT_RECORDED,git:c1b1b7d967f125eb10f2927f0800ab384782c1b1,2025-09-17,https://www.wwpdb.org/about/usage-policies,第4节结构QC的原始输入；尚未批准用于生成或评分
9JXQ,original_mmcif,data/raw/XPR1_structures/9JXQ.cif,b00f0923f10429918e17a1cdc6d6b00f5eae9df018d9e34850ca33939b2955eb,https://raw.githubusercontent.com/66H6/XPR1/c1b1b7d967f125eb10f2927f0800ab384782c1b1/data/raw/XPR1_structures/9JXQ.cif,https://www.rcsb.org/structure/9JXQ,NOT_RECORDED,git:c1b1b7d967f125eb10f2927f0800ab384782c1b1,2025-09-17,https://www.wwpdb.org/about/usage-policies,第4节结构QC的原始输入；尚未批准用于生成或评分
5IJH,original_mmcif,data/raw/XPR1_structures/5IJH.cif,eba2406fa113ae9cb55f7debbb3389dade0a416bdb6b4b68a73f008933438eaf,https://raw.githubusercontent.com/66H6/XPR1/c1b1b7d967f125eb10f2927f0800ab384782c1b1/data/raw/XPR1_structures/5IJH.cif,https://www.rcsb.org/structure/5IJH,NOT_RECORDED,git:c1b1b7d967f125eb10f2927f0800ab384782c1b1,2024-10-16,https://www.wwpdb.org/about/usage-policies,第4节结构QC的原始输入；尚未批准用于生成或评分
8TYU,original_mmcif,data/raw/XPR1_structures/8TYU.cif,c6419a9cdb71735dfc1e2059e8e7eeaad0fe7f82238ab2a58005e974fb656d72,https://raw.githubusercontent.com/66H6/XPR1/c1b1b7d967f125eb10f2927f0800ab384782c1b1/data/raw/XPR1_structures/8TYU.cif,https://www.rcsb.org/structure/8TYU,NOT_RECORDED,git:c1b1b7d967f125eb10f2927f0800ab384782c1b1,2024-12-25,https://www.wwpdb.org/about/usage-policies,第4节结构QC的原始输入；尚未批准用于生成或评分
8TYV,original_mmcif,data/raw/XPR1_structures/8TYV.cif,4cf3132fa6932c418cc817cc2c025af18107d275c64a15d102d2a77c812b3189,https://raw.githubusercontent.com/66H6/XPR1/c1b1b7d967f125eb10f2927f0800ab384782c1b1/data/raw/XPR1_structures/8TYV.cif,https://www.rcsb.org/structure/8TYV,NOT_RECORDED,git:c1b1b7d967f125eb10f2927f0800ab384782c1b1,2024-12-25,https://www.wwpdb.org/about/usage-policies,第4节结构QC的原始输入；尚未批准用于生成或评分
5IJH,assembly,data/raw/supporting/assemblies/5IJH-assembly1.cif.gz,54b2ccd9b2f935e0b2daf45ec006e6e95baba481a0e4707c777f1cdb49f8b4aa,https://files.rcsb.org/download/5IJH-assembly1.cif.gz,https://files.rcsb.org/download/5IJH-assembly1.cif.gz,2026-09-03T14:09:35+00:00,sha256:54b2ccd9b2f935e0b2daf45ec006e6e95baba481a0e4707c777f1cdb49f8b4aa,SEE_RAW_METADATA,https://www.wwpdb.org/about/usage-policies,第4节初步QC参考；保存不代表完成科学审阅
5IJH,assembly,data/raw/supporting/assemblies/5IJH-assembly2.cif.gz,24eebc80ba9203dbd2f7c62c02152a14f0e1214db0f21d9357d64c0937852ffb,https://files.rcsb.org/download/5IJH-assembly2.cif.gz,https://files.rcsb.org/download/5IJH-assembly2.cif.gz,2026-09-03T14:09:35+00:00,sha256:24eebc80ba9203dbd2f7c62c02152a14f0e1214db0f21d9357d64c0937852ffb,SEE_RAW_METADATA,https://www.wwpdb.org/about/usage-policies,第4节初步QC参考；保存不代表完成科学审阅
8TYU,assembly,data/raw/supporting/assemblies/8TYU-assembly1.cif.gz,b505b206199f1d52b06c360cc6df84b710c017faf7c326771f7356178fd2e9c6,https://files.rcsb.org/download/8TYU-assembly1.cif.gz,https://files.rcsb.org/download/8TYU-assembly1.cif.gz,2026-09-03T14:09:35+00:00,sha256:b505b206199f1d52b06c360cc6df84b710c017faf7c326771f7356178fd2e9c6,SEE_RAW_METADATA,https://www.wwpdb.org/about/usage-policies,第4节初步QC参考；保存不代表完成科学审阅
8TYU,assembly,data/raw/supporting/assemblies/8TYU-assembly2.cif.gz,695400cb9223e3ef517d9e70821deeca381249090fe171d64e8e90f5c4b907ce,https://files.rcsb.org/download/8TYU-assembly2.cif.gz,https://files.rcsb.org/download/8TYU-assembly2.cif.gz,2026-09-03T14:09:35+00:00,sha256:695400cb9223e3ef517d9e70821deeca381249090fe171d64e8e90f5c4b907ce,SEE_RAW_METADATA,https://www.wwpdb.org/about/usage-policies,第4节初步QC参考；保存不代表完成科学审阅
8TYV,assembly,data/raw/supporting/assemblies/8TYV-assembly1.cif.gz,56f3278a13e3a40d193deb66ed26ba92f7823038796f28e4487de5e4be849f91,https://files.rcsb.org/download/8TYV-assembly1.cif.gz,https://files.rcsb.org/download/8TYV-assembly1.cif.gz,2026-09-03T14:09:36+00:00,sha256:56f3278a13e3a40d193deb66ed26ba92f7823038796f28e4487de5e4be849f91,SEE_RAW_METADATA,https://www.wwpdb.org/about/usage-policies,第4节初步QC参考；保存不代表完成科学审阅
8TYV,assembly,data/raw/supporting/assemblies/8TYV-assembly2.cif.gz,ac50f87ecf9413cda57c16a3a6b5c58cf68df8fdfd1e23544e9206f96e13cb38,https://files.rcsb.org/download/8TYV-assembly2.cif.gz,https://files.rcsb.org/download/8TYV-assembly2.cif.gz,2026-09-03T14:09:36+00:00,sha256:ac50f87ecf9413cda57c16a3a6b5c58cf68df8fdfd1e23544e9206f96e13cb38,SEE_RAW_METADATA,https://www.wwpdb.org/about/usage-policies,第4节初步QC参考；保存不代表完成科学审阅
8X5B,assembly,data/raw/supporting/assemblies/8X5B-assembly1.cif.gz,7879ba410cf738d42bd3a85f9871815be99aa1c4cb9de06a2ab985b571244371,https://files.rcsb.org/download/8X5B-assembly1.cif.gz,https://files.rcsb.org/download/8X5B-assembly1.cif.gz,2026-09-03T14:09:36+00:00,sha256:7879ba410cf738d42bd3a85f9871815be99aa1c4cb9de06a2ab985b571244371,SEE_RAW_METADATA,https://www.wwpdb.org/about/usage-policies,第4节初步QC参考；保存不代表完成科学审阅
8X5E,assembly,data/raw/supporting/assemblies/8X5E-assembly1.cif.gz,fc866a021cf28a8acaebbe5ea91694baebf0773614069995e9c955c567bee58d,https://files.rcsb.org/download/8X5E-assembly1.cif.gz,https://files.rcsb.org/download/8X5E-assembly1.cif.gz,2026-09-03T14:09:36+00:00,sha256:fc866a021cf28a8acaebbe5ea91694baebf0773614069995e9c955c567bee58d,SEE_RAW_METADATA,https://www.wwpdb.org/about/usage-policies,第4节初步QC参考；保存不代表完成科学审阅
8X5F,assembly,data/raw/supporting/assemblies/8X5F-assembly1.cif.gz,0d0d95de396c06f4f4be74fcaebdb281f28be1e70f7d9ba0e7906f53b6a40396,https://files.rcsb.org/download/8X5F-assembly1.cif.gz,https://files.rcsb.org/download/8X5F-assembly1.cif.gz,2026-09-03T14:09:37+00:00,sha256:0d0d95de396c06f4f4be74fcaebdb281f28be1e70f7d9ba0e7906f53b6a40396,SEE_RAW_METADATA,https://www.wwpdb.org/about/usage-policies,第4节初步QC参考；保存不代表完成科学审阅
8YET,assembly,data/raw/supporting/assemblies/8YET-assembly1.cif.gz,8b30d73921a96b13916abd8987a5a392b35992de89d381d203101bcc8ac78a6c,https://files.rcsb.org/download/8YET-assembly1.cif.gz,https://files.rcsb.org/download/8YET-assembly1.cif.gz,2026-09-03T14:09:37+00:00,sha256:8b30d73921a96b13916abd8987a5a392b35992de89d381d203101bcc8ac78a6c,SEE_RAW_METADATA,https://www.wwpdb.org/about/usage-policies,第4节初步QC参考；保存不代表完成科学审阅
8YEX,assembly,data/raw/supporting/assemblies/8YEX-assembly1.cif.gz,9312682f4eab1e3c755936a08c7a56724c064298e06b3bdca8146609f13ff5f9,https://files.rcsb.org/download/8YEX-assembly1.cif.gz,https://files.rcsb.org/download/8YEX-assembly1.cif.gz,2026-09-03T14:09:37+00:00,sha256:9312682f4eab1e3c755936a08c7a56724c064298e06b3bdca8146609f13ff5f9,SEE_RAW_METADATA,https://www.wwpdb.org/about/usage-policies,第4节初步QC参考；保存不代表完成科学审阅
8YF4,assembly,data/raw/supporting/assemblies/8YF4-assembly1.cif.gz,7f28f5f02f713413a1ae6cd7bd840ef8605ffbdf2ea9ee77c10b42a2e870368e,https://files.rcsb.org/download/8YF4-assembly1.cif.gz,https://files.rcsb.org/download/8YF4-assembly1.cif.gz,2026-09-03T14:09:38+00:00,sha256:7f28f5f02f713413a1ae6cd7bd840ef8605ffbdf2ea9ee77c10b42a2e870368e,SEE_RAW_METADATA,https://www.wwpdb.org/about/usage-policies,第4节初步QC参考；保存不代表完成科学审阅
8YFD,assembly,data/raw/supporting/assemblies/8YFD-assembly1.cif.gz,67204dc81a3d0a3a40424bd5f9b99f93acd4979eeaa261354a74e2cde9ed4081,https://files.rcsb.org/download/8YFD-assembly1.cif.gz,https://files.rcsb.org/download/8YFD-assembly1.cif.gz,2026-09-03T14:09:38+00:00,sha256:67204dc81a3d0a3a40424bd5f9b99f93acd4979eeaa261354a74e2cde9ed4081,SEE_RAW_METADATA,https://www.wwpdb.org/about/usage-policies,第4节初步QC参考；保存不代表完成科学审阅
8YFU,assembly,data/raw/supporting/assemblies/8YFU-assembly1.cif.gz,afaac3b620168f852d4d5ea476e35d22fdbe093d996d54012333c3bc89d1c869,https://files.rcsb.org/download/8YFU-assembly1.cif.gz,https://files.rcsb.org/download/8YFU-assembly1.cif.gz,2026-09-03T14:09:39+00:00,sha256:afaac3b620168f852d4d5ea476e35d22fdbe093d996d54012333c3bc89d1c869,SEE_RAW_METADATA,https://www.wwpdb.org/about/usage-policies,第4节初步QC参考；保存不代表完成科学审阅
8YFW,assembly,data/raw/supporting/assemblies/8YFW-assembly1.cif.gz,037c9becb7ad804221563794c9be89b6848d4e313d7923c5cbe4eb8b13b5b37e,https://files.rcsb.org/download/8YFW-assembly1.cif.gz,https://files.rcsb.org/download/8YFW-assembly1.cif.gz,2026-09-03T14:09:39+00:00,sha256:037c9becb7ad804221563794c9be89b6848d4e313d7923c5cbe4eb8b13b5b37e,SEE_RAW_METADATA,https://www.wwpdb.org/about/usage-policies,第4节初步QC参考；保存不代表完成科学审阅
8YFX,assembly,data/raw/supporting/assemblies/8YFX-assembly1.cif.gz,690174c1b94e02a10b80cc445292833aebb8fed85f4725679f219b48d8c7a4b7,https://files.rcsb.org/download/8YFX-assembly1.cif.gz,https://files.rcsb.org/download/8YFX-assembly1.cif.gz,2026-09-03T14:09:39+00:00,sha256:690174c1b94e02a10b80cc445292833aebb8fed85f4725679f219b48d8c7a4b7,SEE_RAW_METADATA,https://www.wwpdb.org/about/usage-policies,第4节初步QC参考；保存不代表完成科学审阅
8ZTO,assembly,data/raw/supporting/assemblies/8ZTO-assembly1.cif.gz,c1e8ef9429718c571768631f57359276767792d1c70d2d50f4287b5d7f2a1f26,https://files.rcsb.org/download/8ZTO-assembly1.cif.gz,https://files.rcsb.org/download/8ZTO-assembly1.cif.gz,2026-09-03T14:09:40+00:00,sha256:c1e8ef9429718c571768631f57359276767792d1c70d2d50f4287b5d7f2a1f26,SEE_RAW_METADATA,https://www.wwpdb.org/about/usage-policies,第4节初步QC参考；保存不代表完成科学审阅
9CKZ,assembly,data/raw/supporting/assemblies/9CKZ-assembly1.cif.gz,a689cdc77ccd96b444eaba34c564c61136c19302be2363e4bbf9e5c68f7e5a5a,https://files.rcsb.org/download/9CKZ-assembly1.cif.gz,https://files.rcsb.org/download/9CKZ-assembly1.cif.gz,2026-09-03T14:09:40+00:00,sha256:a689cdc77ccd96b444eaba34c564c61136c19302be2363e4bbf9e5c68f7e5a5a,SEE_RAW_METADATA,https://www.wwpdb.org/about/usage-policies,第4节初步QC参考；保存不代表完成科学审阅
9CL0,assembly,data/raw/supporting/assemblies/9CL0-assembly1.cif.gz,c9919937b2df551e6caf999a9e8bf5e25d9eb4660579ab554d538e78f5a91ae8,https://files.rcsb.org/download/9CL0-assembly1.cif.gz,https://files.rcsb.org/download/9CL0-assembly1.cif.gz,2026-09-03T14:09:40+00:00,sha256:c9919937b2df551e6caf999a9e8bf5e25d9eb4660579ab554d538e78f5a91ae8,SEE_RAW_METADATA,https://www.wwpdb.org/about/usage-policies,第4节初步QC参考；保存不代表完成科学审阅
9DVJ,assembly,data/raw/supporting/assemblies/9DVJ-assembly1.cif.gz,ee84389b32f67ac3782f4fc9807a04924d498786f020f67195a07ddbbfa90e97,https://files.rcsb.org/download/9DVJ-assembly1.cif.gz,https://files.rcsb.org/download/9DVJ-assembly1.cif.gz,2026-09-03T14:09:40+00:00,sha256:ee84389b32f67ac3782f4fc9807a04924d498786f020f67195a07ddbbfa90e97,SEE_RAW_METADATA,https://www.wwpdb.org/about/usage-policies,第4节初步QC参考；保存不代表完成科学审阅
9DVK,assembly,data/raw/supporting/assemblies/9DVK-assembly1.cif.gz,1c18b1322d2ff8088fcda0cb542f902bd395049aea85b591fc5226431859f22e,https://files.rcsb.org/download/9DVK-assembly1.cif.gz,https://files.rcsb.org/download/9DVK-assembly1.cif.gz,2026-09-03T14:09:41+00:00,sha256:1c18b1322d2ff8088fcda0cb542f902bd395049aea85b591fc5226431859f22e,SEE_RAW_METADATA,https://www.wwpdb.org/about/usage-policies,第4节初步QC参考；保存不代表完成科学审阅
9DVL,assembly,data/raw/supporting/assemblies/9DVL-assembly1.cif.gz,192144e243155de1e41e92b9d847219ae4bbaba3e3a243221ee49cbf1f887f7b,https://files.rcsb.org/download/9DVL-assembly1.cif.gz,https://files.rcsb.org/download/9DVL-assembly1.cif.gz,2026-09-03T14:09:41+00:00,sha256:192144e243155de1e41e92b9d847219ae4bbaba3e3a243221ee49cbf1f887f7b,SEE_RAW_METADATA,https://www.wwpdb.org/about/usage-policies,第4节初步QC参考；保存不代表完成科学审阅
9DVM,assembly,data/raw/supporting/assemblies/9DVM-assembly1.cif.gz,3a65342a8f51939a68c6f7002e85947469d5c62d7f9127898f5b86be2a9a1abc,https://files.rcsb.org/download/9DVM-assembly1.cif.gz,https://files.rcsb.org/download/9DVM-assembly1.cif.gz,2026-09-03T14:09:41+00:00,sha256:3a65342a8f51939a68c6f7002e85947469d5c62d7f9127898f5b86be2a9a1abc,SEE_RAW_METADATA,https://www.wwpdb.org/about/usage-policies,第4节初步QC参考；保存不代表完成科学审阅
9DVN,assembly,data/raw/supporting/assemblies/9DVN-assembly1.cif.gz,e9a798379450fdc36bf652c6d2928346418391ee3f3f424ee42993925124d5d9,https://files.rcsb.org/download/9DVN-assembly1.cif.gz,https://files.rcsb.org/download/9DVN-assembly1.cif.gz,2026-09-03T14:09:41+00:00,sha256:e9a798379450fdc36bf652c6d2928346418391ee3f3f424ee42993925124d5d9,SEE_RAW_METADATA,https://www.wwpdb.org/about/usage-policies,第4节初步QC参考；保存不代表完成科学审阅
9DVO,assembly,data/raw/supporting/assemblies/9DVO-assembly1.cif.gz,7c8d294266991e7ecd7cbec79083ee057a792fa353686f21b2e32f341d501208,https://files.rcsb.org/download/9DVO-assembly1.cif.gz,https://files.rcsb.org/download/9DVO-assembly1.cif.gz,2026-09-03T14:09:42+00:00,sha256:7c8d294266991e7ecd7cbec79083ee057a792fa353686f21b2e32f341d501208,SEE_RAW_METADATA,https://www.wwpdb.org/about/usage-policies,第4节初步QC参考；保存不代表完成科学审阅
9DVP,assembly,data/raw/supporting/assemblies/9DVP-assembly1.cif.gz,c8a4eb6c7185ab968e720b08a9a510b572ff41a40eed7b549032e2cf70dc3e1b,https://files.rcsb.org/download/9DVP-assembly1.cif.gz,https://files.rcsb.org/download/9DVP-assembly1.cif.gz,2026-09-03T14:09:42+00:00,sha256:c8a4eb6c7185ab968e720b08a9a510b572ff41a40eed7b549032e2cf70dc3e1b,SEE_RAW_METADATA,https://www.wwpdb.org/about/usage-policies,第4节初步QC参考；保存不代表完成科学审阅
9IJY,assembly,data/raw/supporting/assemblies/9IJY-assembly1.cif.gz,8ab1560f3282b5fccae21c8a886d8fc03893222fcdb8ad05d38c2608a9517499,https://files.rcsb.org/download/9IJY-assembly1.cif.gz,https://files.rcsb.org/download/9IJY-assembly1.cif.gz,2026-09-03T14:09:42+00:00,sha256:8ab1560f3282b5fccae21c8a886d8fc03893222fcdb8ad05d38c2608a9517499,SEE_RAW_METADATA,https://www.wwpdb.org/about/usage-policies,第4节初步QC参考；保存不代表完成科学审阅
9IJZ,assembly,data/raw/supporting/assemblies/9IJZ-assembly1.cif.gz,3c9b316992b93d9376e2a91f797bed3902c79d12c04273d6750cb6d68654e5b7,https://files.rcsb.org/download/9IJZ-assembly1.cif.gz,https://files.rcsb.org/download/9IJZ-assembly1.cif.gz,2026-09-03T14:09:42+00:00,sha256:3c9b316992b93d9376e2a91f797bed3902c79d12c04273d6750cb6d68654e5b7,SEE_RAW_METADATA,https://www.wwpdb.org/about/usage-policies,第4节初步QC参考；保存不代表完成科学审阅
9INE,assembly,data/raw/supporting/assemblies/9INE-assembly1.cif.gz,1d1d7e640118a6bd01b851dbee6b8d2c3ea88deb27ebadaa096e9152a15bd5ce,https://files.rcsb.org/download/9INE-assembly1.cif.gz,https://files.rcsb.org/download/9INE-assembly1.cif.gz,2026-09-03T14:09:43+00:00,sha256:1d1d7e640118a6bd01b851dbee6b8d2c3ea88deb27ebadaa096e9152a15bd5ce,SEE_RAW_METADATA,https://www.wwpdb.org/about/usage-policies,第4节初步QC参考；保存不代表完成科学审阅
9INF,assembly,data/raw/supporting/assemblies/9INF-assembly1.cif.gz,28bdfe8066e8b688f56eeb1c7f4a7a950540f5982d205ed92a139fda87c2f759,https://files.rcsb.org/download/9INF-assembly1.cif.gz,https://files.rcsb.org/download/9INF-assembly1.cif.gz,2026-09-03T14:09:43+00:00,sha256:28bdfe8066e8b688f56eeb1c7f4a7a950540f5982d205ed92a139fda87c2f759,SEE_RAW_METADATA,https://www.wwpdb.org/about/usage-policies,第4节初步QC参考；保存不代表完成科学审阅
9INH,assembly,data/raw/supporting/assemblies/9INH-assembly1.cif.gz,089692044e4fad850ff0da0a3187ecdb8d290d791726a0e979662d50df6e7936,https://files.rcsb.org/download/9INH-assembly1.cif.gz,https://files.rcsb.org/download/9INH-assembly1.cif.gz,2026-09-03T14:09:43+00:00,sha256:089692044e4fad850ff0da0a3187ecdb8d290d791726a0e979662d50df6e7936,SEE_RAW_METADATA,https://www.wwpdb.org/about/usage-policies,第4节初步QC参考；保存不代表完成科学审阅
9ITG,assembly,data/raw/supporting/assemblies/9ITG-assembly1.cif.gz,de58483987270ef20e4b5d7846640e5764ebfc347cb99b3d0daa0dc88449548e,https://files.rcsb.org/download/9ITG-assembly1.cif.gz,https://files.rcsb.org/download/9ITG-assembly1.cif.gz,2026-09-03T14:09:43+00:00,sha256:de58483987270ef20e4b5d7846640e5764ebfc347cb99b3d0daa0dc88449548e,SEE_RAW_METADATA,https://www.wwpdb.org/about/usage-policies,第4节初步QC参考；保存不代表完成科学审阅
9IUC,assembly,data/raw/supporting/assemblies/9IUC-assembly1.cif.gz,4616ee20f77a35d6f377f626cf87589966b15ff90a71dc694f085e8135a44946,https://files.rcsb.org/download/9IUC-assembly1.cif.gz,https://files.rcsb.org/download/9IUC-assembly1.cif.gz,2026-09-03T14:09:44+00:00,sha256:4616ee20f77a35d6f377f626cf87589966b15ff90a71dc694f085e8135a44946,SEE_RAW_METADATA,https://www.wwpdb.org/about/usage-policies,第4节初步QC参考；保存不代表完成科学审阅
9IWS,assembly,data/raw/supporting/assemblies/9IWS-assembly1.cif.gz,5ca8a36d25200613ef96f452a4804833bcc6cea2ba8e0871dffc85b62c896d8d,https://files.rcsb.org/download/9IWS-assembly1.cif.gz,https://files.rcsb.org/download/9IWS-assembly1.cif.gz,2026-09-03T14:09:44+00:00,sha256:5ca8a36d25200613ef96f452a4804833bcc6cea2ba8e0871dffc85b62c896d8d,SEE_RAW_METADATA,https://www.wwpdb.org/about/usage-policies,第4节初步QC参考；保存不代表完成科学审阅
9J4X,assembly,data/raw/supporting/assemblies/9J4X-assembly1.cif.gz,a87ddb0880ba41c52162dd55d718f571c74e229ef6536270d4c96608f873b8c1,https://files.rcsb.org/download/9J4X-assembly1.cif.gz,https://files.rcsb.org/download/9J4X-assembly1.cif.gz,2026-09-03T14:09:44+00:00,sha256:a87ddb0880ba41c52162dd55d718f571c74e229ef6536270d4c96608f873b8c1,SEE_RAW_METADATA,https://www.wwpdb.org/about/usage-policies,第4节初步QC参考；保存不代表完成科学审阅
9J51,assembly,data/raw/supporting/assemblies/9J51-assembly1.cif.gz,85180e5216af232ae7001b5d64caa3897fad1351321ea6054128b56ff88b132f,https://files.rcsb.org/download/9J51-assembly1.cif.gz,https://files.rcsb.org/download/9J51-assembly1.cif.gz,2026-09-03T14:09:44+00:00,sha256:85180e5216af232ae7001b5d64caa3897fad1351321ea6054128b56ff88b132f,SEE_RAW_METADATA,https://www.wwpdb.org/about/usage-policies,第4节初步QC参考；保存不代表完成科学审阅
9J52,assembly,data/raw/supporting/assemblies/9J52-assembly1.cif.gz,55e7710ef6fba3962f6e823b4caad160f981451630d6bf63f608b2354d75e66e,https://files.rcsb.org/download/9J52-assembly1.cif.gz,https://files.rcsb.org/download/9J52-assembly1.cif.gz,2026-09-03T14:09:45+00:00,sha256:55e7710ef6fba3962f6e823b4caad160f981451630d6bf63f608b2354d75e66e,SEE_RAW_METADATA,https://www.wwpdb.org/about/usage-policies,第4节初步QC参考；保存不代表完成科学审阅
9J53,assembly,data/raw/supporting/assemblies/9J53-assembly1.cif.gz,1280759714d75199a1d9d5639a4f53885ccd8aa91fc3c69c1094f1e32c50573a,https://files.rcsb.org/download/9J53-assembly1.cif.gz,https://files.rcsb.org/download/9J53-assembly1.cif.gz,2026-09-03T14:09:45+00:00,sha256:1280759714d75199a1d9d5639a4f53885ccd8aa91fc3c69c1094f1e32c50573a,SEE_RAW_METADATA,https://www.wwpdb.org/about/usage-policies,第4节初步QC参考；保存不代表完成科学审阅
9J97,assembly,data/raw/supporting/assemblies/9J97-assembly1.cif.gz,2880a3b39be049c01eba9889da3bc15c05dc9b71eb4653bf2ad8821c70d80b51,https://files.rcsb.org/download/9J97-assembly1.cif.gz,https://files.rcsb.org/download/9J97-assembly1.cif.gz,2026-09-03T14:09:45+00:00,sha256:2880a3b39be049c01eba9889da3bc15c05dc9b71eb4653bf2ad8821c70d80b51,SEE_RAW_METADATA,https://www.wwpdb.org/about/usage-policies,第4节初步QC参考；保存不代表完成科学审阅
9J98,assembly,data/raw/supporting/assemblies/9J98-assembly1.cif.gz,012cd934eb4d0cae3b9598874b360b6554850d722f1c84564491a18f110d6bf7,https://files.rcsb.org/download/9J98-assembly1.cif.gz,https://files.rcsb.org/download/9J98-assembly1.cif.gz,2026-09-03T14:09:45+00:00,sha256:012cd934eb4d0cae3b9598874b360b6554850d722f1c84564491a18f110d6bf7,SEE_RAW_METADATA,https://www.wwpdb.org/about/usage-policies,第4节初步QC参考；保存不代表完成科学审阅
9JXD,assembly,data/raw/supporting/assemblies/9JXD-assembly1.cif.gz,076ccc54be959b7c1157209cdc78eeed7a95a82c2bac8b2b8402bf7735aae326,https://files.rcsb.org/download/9JXD-assembly1.cif.gz,https://files.rcsb.org/download/9JXD-assembly1.cif.gz,2026-09-03T14:09:46+00:00,sha256:076ccc54be959b7c1157209cdc78eeed7a95a82c2bac8b2b8402bf7735aae326,SEE_RAW_METADATA,https://www.wwpdb.org/about/usage-policies,第4节初步QC参考；保存不代表完成科学审阅
9JXE,assembly,data/raw/supporting/assemblies/9JXE-assembly1.cif.gz,b8a81052dcfc8c0b30a4e81f8da6264026b8bd0cc2b89d9230f44ac69d1425b3,https://files.rcsb.org/download/9JXE-assembly1.cif.gz,https://files.rcsb.org/download/9JXE-assembly1.cif.gz,2026-09-03T14:09:46+00:00,sha256:b8a81052dcfc8c0b30a4e81f8da6264026b8bd0cc2b89d9230f44ac69d1425b3,SEE_RAW_METADATA,https://www.wwpdb.org/about/usage-policies,第4节初步QC参考；保存不代表完成科学审阅
9JXF,assembly,data/raw/supporting/assemblies/9JXF-assembly1.cif.gz,739e2558ab4640305649486b3e35abbd2d21dba9aa96340d349b41a84ca5b313,https://files.rcsb.org/download/9JXF-assembly1.cif.gz,https://files.rcsb.org/download/9JXF-assembly1.cif.gz,2026-09-03T14:09:47+00:00,sha256:739e2558ab4640305649486b3e35abbd2d21dba9aa96340d349b41a84ca5b313,SEE_RAW_METADATA,https://www.wwpdb.org/about/usage-policies,第4节初步QC参考；保存不代表完成科学审阅
9JXG,assembly,data/raw/supporting/assemblies/9JXG-assembly1.cif.gz,b64f9afcd107293f8277c20d89301e0f67d8e536533d4e10fd7288b3a896cc6b,https://files.rcsb.org/download/9JXG-assembly1.cif.gz,https://files.rcsb.org/download/9JXG-assembly1.cif.gz,2026-09-03T14:09:47+00:00,sha256:b64f9afcd107293f8277c20d89301e0f67d8e536533d4e10fd7288b3a896cc6b,SEE_RAW_METADATA,https://www.wwpdb.org/about/usage-policies,第4节初步QC参考；保存不代表完成科学审阅
9JXH,assembly,data/raw/supporting/assemblies/9JXH-assembly1.cif.gz,05d51f4a981364067f8ac22cf5624c4f93c1815d211e1d8da26d3ca726ace4d0,https://files.rcsb.org/download/9JXH-assembly1.cif.gz,https://files.rcsb.org/download/9JXH-assembly1.cif.gz,2026-09-03T14:09:47+00:00,sha256:05d51f4a981364067f8ac22cf5624c4f93c1815d211e1d8da26d3ca726ace4d0,SEE_RAW_METADATA,https://www.wwpdb.org/about/usage-policies,第4节初步QC参考；保存不代表完成科学审阅
9JXI,assembly,data/raw/supporting/assemblies/9JXI-assembly1.cif.gz,2aa54448d64f5c50ec75989182537f1dcf8be323bcefed6226a7d9aed3c29738,https://files.rcsb.org/download/9JXI-assembly1.cif.gz,https://files.rcsb.org/download/9JXI-assembly1.cif.gz,2026-09-03T14:09:48+00:00,sha256:2aa54448d64f5c50ec75989182537f1dcf8be323bcefed6226a7d9aed3c29738,SEE_RAW_METADATA,https://www.wwpdb.org/about/usage-policies,第4节初步QC参考；保存不代表完成科学审阅
9JXJ,assembly,data/raw/supporting/assemblies/9JXJ-assembly1.cif.gz,d5b26388614f792a86065d5a8be8d0a09200052b0e08f803adb07c770e13efd9,https://files.rcsb.org/download/9JXJ-assembly1.cif.gz,https://files.rcsb.org/download/9JXJ-assembly1.cif.gz,2026-09-03T14:09:48+00:00,sha256:d5b26388614f792a86065d5a8be8d0a09200052b0e08f803adb07c770e13efd9,SEE_RAW_METADATA,https://www.wwpdb.org/about/usage-policies,第4节初步QC参考；保存不代表完成科学审阅
9JXK,assembly,data/raw/supporting/assemblies/9JXK-assembly1.cif.gz,80227873d44854ddc0cf9c7cf06adaecd5be0ae5642e58176ae6fc9db90c6d29,https://files.rcsb.org/download/9JXK-assembly1.cif.gz,https://files.rcsb.org/download/9JXK-assembly1.cif.gz,2026-09-03T14:09:48+00:00,sha256:80227873d44854ddc0cf9c7cf06adaecd5be0ae5642e58176ae6fc9db90c6d29,SEE_RAW_METADATA,https://www.wwpdb.org/about/usage-policies,第4节初步QC参考；保存不代表完成科学审阅
9JXL,assembly,data/raw/supporting/assemblies/9JXL-assembly1.cif.gz,7d7716e34fb43bf62b6a0618195c5d5e728c8872a0a28f53bb68e855da5a8081,https://files.rcsb.org/download/9JXL-assembly1.cif.gz,https://files.rcsb.org/download/9JXL-assembly1.cif.gz,2026-09-03T14:09:48+00:00,sha256:7d7716e34fb43bf62b6a0618195c5d5e728c8872a0a28f53bb68e855da5a8081,SEE_RAW_METADATA,https://www.wwpdb.org/about/usage-policies,第4节初步QC参考；保存不代表完成科学审阅
9JXM,assembly,data/raw/supporting/assemblies/9JXM-assembly1.cif.gz,b16c9f39e681e2f6c7a824db5a5548f7f505436cb5beffb39881b71a0db1534e,https://files.rcsb.org/download/9JXM-assembly1.cif.gz,https://files.rcsb.org/download/9JXM-assembly1.cif.gz,2026-09-03T14:09:49+00:00,sha256:b16c9f39e681e2f6c7a824db5a5548f7f505436cb5beffb39881b71a0db1534e,SEE_RAW_METADATA,https://www.wwpdb.org/about/usage-policies,第4节初步QC参考；保存不代表完成科学审阅
9JXN,assembly,data/raw/supporting/assemblies/9JXN-assembly1.cif.gz,c976af89cfe84dbcb27a5ecfe7cf642f63e3830dd018f20e1c7b8bef5a7c7b7b,https://files.rcsb.org/download/9JXN-assembly1.cif.gz,https://files.rcsb.org/download/9JXN-assembly1.cif.gz,2026-09-03T14:09:49+00:00,sha256:c976af89cfe84dbcb27a5ecfe7cf642f63e3830dd018f20e1c7b8bef5a7c7b7b,SEE_RAW_METADATA,https://www.wwpdb.org/about/usage-policies,第4节初步QC参考；保存不代表完成科学审阅
9JXO,assembly,data/raw/supporting/assemblies/9JXO-assembly1.cif.gz,5df735e4d91f783b74c2c8966f22250bf91c2310e490f7cce7caaefd63c96c76,https://files.rcsb.org/download/9JXO-assembly1.cif.gz,https://files.rcsb.org/download/9JXO-assembly1.cif.gz,2026-09-03T14:09:49+00:00,sha256:5df735e4d91f783b74c2c8966f22250bf91c2310e490f7cce7caaefd63c96c76,SEE_RAW_METADATA,https://www.wwpdb.org/about/usage-policies,第4节初步QC参考；保存不代表完成科学审阅
9JXP,assembly,data/raw/supporting/assemblies/9JXP-assembly1.cif.gz,283452047ec4bf4bb40f4492420dda2f006d210f3e048be1b7c89867634a3a8b,https://files.rcsb.org/download/9JXP-assembly1.cif.gz,https://files.rcsb.org/download/9JXP-assembly1.cif.gz,2026-09-03T14:09:49+00:00,sha256:283452047ec4bf4bb40f4492420dda2f006d210f3e048be1b7c89867634a3a8b,SEE_RAW_METADATA,https://www.wwpdb.org/about/usage-policies,第4节初步QC参考；保存不代表完成科学审阅
9JXQ,assembly,data/raw/supporting/assemblies/9JXQ-assembly1.cif.gz,acbc82a53be897ba7c2903d8befcc9ebd27c14bc3fe7e5228d0ce9a5a0060fe0,https://files.rcsb.org/download/9JXQ-assembly1.cif.gz,https://files.rcsb.org/download/9JXQ-assembly1.cif.gz,2026-09-03T14:09:50+00:00,sha256:acbc82a53be897ba7c2903d8befcc9ebd27c14bc3fe7e5228d0ce9a5a0060fe0,SEE_RAW_METADATA,https://www.wwpdb.org/about/usage-policies,第4节初步QC参考；保存不代表完成科学审阅
EMD-38065,emdb_metadata,data/raw/supporting/emdb/EMD-38065.json,3af3773b17843d47f403e7c46b310f2b8211ca23da49e814abcdab5040b3fea3,https://www.ebi.ac.uk/emdb/api/entry/EMD-38065,https://www.ebi.ac.uk/emdb/api/entry/EMD-38065,2026-09-03T14:04:56+00:00,sha256:3af3773b17843d47f403e7c46b310f2b8211ca23da49e814abcdab5040b3fea3,SEE_RAW_METADATA,https://www.wwpdb.org/about/usage-policies,第4节初步QC参考；保存不代表完成科学审阅
EMD-38067,emdb_metadata,data/raw/supporting/emdb/EMD-38067.json,cc139324088c1a78f99ce2dc95c7ac1165747e959c79bdf56aad40b8db68a22b,https://www.ebi.ac.uk/emdb/api/entry/EMD-38067,https://www.ebi.ac.uk/emdb/api/entry/EMD-38067,2026-09-03T14:04:56+00:00,sha256:cc139324088c1a78f99ce2dc95c7ac1165747e959c79bdf56aad40b8db68a22b,SEE_RAW_METADATA,https://www.wwpdb.org/about/usage-policies,第4节初步QC参考；保存不代表完成科学审阅
EMD-38068,emdb_metadata,data/raw/supporting/emdb/EMD-38068.json,ba584095d9aeef28be460ac01b69e8dc669bc2a860f12cc128dcfab8b5a12e6c,https://www.ebi.ac.uk/emdb/api/entry/EMD-38068,https://www.ebi.ac.uk/emdb/api/entry/EMD-38068,2026-09-03T14:04:57+00:00,sha256:ba584095d9aeef28be460ac01b69e8dc669bc2a860f12cc128dcfab8b5a12e6c,SEE_RAW_METADATA,https://www.wwpdb.org/about/usage-policies,第4节初步QC参考；保存不代表完成科学审阅
EMD-39203,emdb_metadata,data/raw/supporting/emdb/EMD-39203.json,40988a8179e6b1e05e0eb39c4179d53ee2b0f005cdf6441db8c53bdca0fbda43,https://www.ebi.ac.uk/emdb/api/entry/EMD-39203,https://www.ebi.ac.uk/emdb/api/entry/EMD-39203,2026-09-03T14:04:58+00:00,sha256:40988a8179e6b1e05e0eb39c4179d53ee2b0f005cdf6441db8c53bdca0fbda43,SEE_RAW_METADATA,https://www.wwpdb.org/about/usage-policies,第4节初步QC参考；保存不代表完成科学审阅
EMD-39204,emdb_metadata,data/raw/supporting/emdb/EMD-39204.json,067f4e4d50245490e42c14ee355e585e1bbd16a07fb5e1bdf7ae081e36d9ab4c,https://www.ebi.ac.uk/emdb/api/entry/EMD-39204,https://www.ebi.ac.uk/emdb/api/entry/EMD-39204,2026-09-03T14:04:58+00:00,sha256:067f4e4d50245490e42c14ee355e585e1bbd16a07fb5e1bdf7ae081e36d9ab4c,SEE_RAW_METADATA,https://www.wwpdb.org/about/usage-policies,第4节初步QC参考；保存不代表完成科学审阅
EMD-39210,emdb_metadata,data/raw/supporting/emdb/EMD-39210.json,8b24632603f99ee1d68a90035888f49c34c118a7c675fd57618286abcdc4baed,https://www.ebi.ac.uk/emdb/api/entry/EMD-39210,https://www.ebi.ac.uk/emdb/api/entry/EMD-39210,2026-09-03T14:04:58+00:00,sha256:8b24632603f99ee1d68a90035888f49c34c118a7c675fd57618286abcdc4baed,SEE_RAW_METADATA,https://www.wwpdb.org/about/usage-policies,第4节初步QC参考；保存不代表完成科学审阅
EMD-39220,emdb_metadata,data/raw/supporting/emdb/EMD-39220.json,4cc14579ae3364dd6eb95a3c5e756adcf887825dc2efc7b0e88122fb04ce8939,https://www.ebi.ac.uk/emdb/api/entry/EMD-39220,https://www.ebi.ac.uk/emdb/api/entry/EMD-39220,2026-09-03T14:05:00+00:00,sha256:4cc14579ae3364dd6eb95a3c5e756adcf887825dc2efc7b0e88122fb04ce8939,SEE_RAW_METADATA,https://www.wwpdb.org/about/usage-policies,第4节初步QC参考；保存不代表完成科学审阅
EMD-39230,emdb_metadata,data/raw/supporting/emdb/EMD-39230.json,595c0db0b6be9fe3ff5cecc87f45f35a7cbdb6f3fe540ed6cbcf2622244cb240,https://www.ebi.ac.uk/emdb/api/entry/EMD-39230,https://www.ebi.ac.uk/emdb/api/entry/EMD-39230,2026-09-03T14:04:59+00:00,sha256:595c0db0b6be9fe3ff5cecc87f45f35a7cbdb6f3fe540ed6cbcf2622244cb240,SEE_RAW_METADATA,https://www.wwpdb.org/about/usage-policies,第4节初步QC参考；保存不代表完成科学审阅
EMD-39231,emdb_metadata,data/raw/supporting/emdb/EMD-39231.json,2d44afa0166d0e749ff1885a28de0a1cad4d52495ec568b50950f95bb8b902ac,https://www.ebi.ac.uk/emdb/api/entry/EMD-39231,https://www.ebi.ac.uk/emdb/api/entry/EMD-39231,2026-09-03T14:04:59+00:00,sha256:2d44afa0166d0e749ff1885a28de0a1cad4d52495ec568b50950f95bb8b902ac,SEE_RAW_METADATA,https://www.wwpdb.org/about/usage-policies,第4节初步QC参考；保存不代表完成科学审阅
EMD-39232,emdb_metadata,data/raw/supporting/emdb/EMD-39232.json,5aa6462debf620acc240f5ad3943857a6033711fa622e637cc6dc6038bb68b44,https://www.ebi.ac.uk/emdb/api/entry/EMD-39232,https://www.ebi.ac.uk/emdb/api/entry/EMD-39232,2026-09-03T14:05:00+00:00,sha256:5aa6462debf620acc240f5ad3943857a6033711fa622e637cc6dc6038bb68b44,SEE_RAW_METADATA,https://www.wwpdb.org/about/usage-policies,第4节初步QC参考；保存不代表完成科学审阅
EMD-45656,emdb_metadata,data/raw/supporting/emdb/EMD-45656.json,ba3dde36fcb6821bda3698f572c14d0162d91e79746ca437ad907140ff5f4ca7,https://www.ebi.ac.uk/emdb/api/entry/EMD-45656,https://www.ebi.ac.uk/emdb/api/entry/EMD-45656,2026-09-03T14:05:01+00:00,sha256:ba3dde36fcb6821bda3698f572c14d0162d91e79746ca437ad907140ff5f4ca7,SEE_RAW_METADATA,https://www.wwpdb.org/about/usage-policies,第4节初步QC参考；保存不代表完成科学审阅
EMD-45657,emdb_metadata,data/raw/supporting/emdb/EMD-45657.json,de7d5897f7c9306d2e9e5f96b56c268407c7bdb901126b3408de0c480942485d,https://www.ebi.ac.uk/emdb/api/entry/EMD-45657,https://www.ebi.ac.uk/emdb/api/entry/EMD-45657,2026-09-03T14:05:01+00:00,sha256:de7d5897f7c9306d2e9e5f96b56c268407c7bdb901126b3408de0c480942485d,SEE_RAW_METADATA,https://www.wwpdb.org/about/usage-policies,第4节初步QC参考；保存不代表完成科学审阅
EMD-47208,emdb_metadata,data/raw/supporting/emdb/EMD-47208.json,8c542bc2edaf3a47de11588d624fac41b5118119d3e3bb369ef30869aa84525e,https://www.ebi.ac.uk/emdb/api/entry/EMD-47208,https://www.ebi.ac.uk/emdb/api/entry/EMD-47208,2026-09-03T14:05:02+00:00,sha256:8c542bc2edaf3a47de11588d624fac41b5118119d3e3bb369ef30869aa84525e,SEE_RAW_METADATA,https://www.wwpdb.org/about/usage-policies,第4节初步QC参考；保存不代表完成科学审阅
EMD-47209,emdb_metadata,data/raw/supporting/emdb/EMD-47209.json,d7c781b54e3c0781dbd1b2a2f1fb9ddd866ff51626f3771f122ed0790497b47a,https://www.ebi.ac.uk/emdb/api/entry/EMD-47209,https://www.ebi.ac.uk/emdb/api/entry/EMD-47209,2026-09-03T14:05:02+00:00,sha256:d7c781b54e3c0781dbd1b2a2f1fb9ddd866ff51626f3771f122ed0790497b47a,SEE_RAW_METADATA,https://www.wwpdb.org/about/usage-policies,第4节初步QC参考；保存不代表完成科学审阅
EMD-47210,emdb_metadata,data/raw/supporting/emdb/EMD-47210.json,acfeab681ea409c492ab6c444d89233a3982595f1b1f203f7baa4a5f6a5202f9,https://www.ebi.ac.uk/emdb/api/entry/EMD-47210,https://www.ebi.ac.uk/emdb/api/entry/EMD-47210,2026-09-03T14:05:03+00:00,sha256:acfeab681ea409c492ab6c444d89233a3982595f1b1f203f7baa4a5f6a5202f9,SEE_RAW_METADATA,https://www.wwpdb.org/about/usage-policies,第4节初步QC参考；保存不代表完成科学审阅
EMD-47211,emdb_metadata,data/raw/supporting/emdb/EMD-47211.json,44df50d2fead29dd820bd29ae3ab3f0c53fef873f5e0cf29f40db1bf8ccbbb7e,https://www.ebi.ac.uk/emdb/api/entry/EMD-47211,https://www.ebi.ac.uk/emdb/api/entry/EMD-47211,2026-09-03T14:05:04+00:00,sha256:44df50d2fead29dd820bd29ae3ab3f0c53fef873f5e0cf29f40db1bf8ccbbb7e,SEE_RAW_METADATA,https://www.wwpdb.org/about/usage-policies,第4节初步QC参考；保存不代表完成科学审阅
EMD-47212,emdb_metadata,data/raw/supporting/emdb/EMD-47212.json,018e6a7e4b6cb02a7c659b59f3e3a2d46a33abea9519e11d1d9915230bc61639,https://www.ebi.ac.uk/emdb/api/entry/EMD-47212,https://www.ebi.ac.uk/emdb/api/entry/EMD-47212,2026-09-03T14:05:03+00:00,sha256:018e6a7e4b6cb02a7c659b59f3e3a2d46a33abea9519e11d1d9915230bc61639,SEE_RAW_METADATA,https://www.wwpdb.org/about/usage-policies,第4节初步QC参考；保存不代表完成科学审阅
EMD-47213,emdb_metadata,data/raw/supporting/emdb/EMD-47213.json,ec7b5c514ec34810ded983e09883bdc27ac7d0f4eccc9259f8404bd7571fcb28,https://www.ebi.ac.uk/emdb/api/entry/EMD-47213,https://www.ebi.ac.uk/emdb/api/entry/EMD-47213,2026-09-03T14:05:04+00:00,sha256:ec7b5c514ec34810ded983e09883bdc27ac7d0f4eccc9259f8404bd7571fcb28,SEE_RAW_METADATA,https://www.wwpdb.org/about/usage-policies,第4节初步QC参考；保存不代表完成科学审阅
EMD-47214,emdb_metadata,data/raw/supporting/emdb/EMD-47214.json,1d208e5771d3a6129b80bdd26f26c1d12ebe4bec4b158d5567557e289a65234f,https://www.ebi.ac.uk/emdb/api/entry/EMD-47214,https://www.ebi.ac.uk/emdb/api/entry/EMD-47214,2026-09-03T14:05:05+00:00,sha256:1d208e5771d3a6129b80bdd26f26c1d12ebe4bec4b158d5567557e289a65234f,SEE_RAW_METADATA,https://www.wwpdb.org/about/usage-policies,第4节初步QC参考；保存不代表完成科学审阅
EMD-60469,emdb_metadata,data/raw/supporting/emdb/EMD-60469.json,8513474f8fab9e3b5a7ac18e2455d23dd6f09f92beccf9c7716115d285a0a700,https://www.ebi.ac.uk/emdb/api/entry/EMD-60469,https://www.ebi.ac.uk/emdb/api/entry/EMD-60469,2026-09-03T14:05:05+00:00,sha256:8513474f8fab9e3b5a7ac18e2455d23dd6f09f92beccf9c7716115d285a0a700,SEE_RAW_METADATA,https://www.wwpdb.org/about/usage-policies,第4节初步QC参考；保存不代表完成科学审阅
EMD-60645,emdb_metadata,data/raw/supporting/emdb/EMD-60645.json,2c2545ed5c4c612ac7311c06dd1ccfc4ca457c50d1da4750194539b1860b9f26,https://www.ebi.ac.uk/emdb/api/entry/EMD-60645,https://www.ebi.ac.uk/emdb/api/entry/EMD-60645,2026-09-03T14:05:05+00:00,sha256:2c2545ed5c4c612ac7311c06dd1ccfc4ca457c50d1da4750194539b1860b9f26,SEE_RAW_METADATA,https://www.wwpdb.org/about/usage-policies,第4节初步QC参考；保存不代表完成科学审阅
EMD-60646,emdb_metadata,data/raw/supporting/emdb/EMD-60646.json,eaad37137faf208fe3578ca03c91e21da2d2ee5852594294e5d4941ca04719f0,https://www.ebi.ac.uk/emdb/api/entry/EMD-60646,https://www.ebi.ac.uk/emdb/api/entry/EMD-60646,2026-09-03T14:05:06+00:00,sha256:eaad37137faf208fe3578ca03c91e21da2d2ee5852594294e5d4941ca04719f0,SEE_RAW_METADATA,https://www.wwpdb.org/about/usage-policies,第4节初步QC参考；保存不代表完成科学审阅
EMD-60704,emdb_metadata,data/raw/supporting/emdb/EMD-60704.json,be459423273f5b6c16475917e1e2c62bf3c465f3d385a51d5b495979f804e46f,https://www.ebi.ac.uk/emdb/api/entry/EMD-60704,https://www.ebi.ac.uk/emdb/api/entry/EMD-60704,2026-09-03T14:05:07+00:00,sha256:be459423273f5b6c16475917e1e2c62bf3c465f3d385a51d5b495979f804e46f,SEE_RAW_METADATA,https://www.wwpdb.org/about/usage-policies,第4节初步QC参考；保存不代表完成科学审阅
EMD-60705,emdb_metadata,data/raw/supporting/emdb/EMD-60705.json,6393d7a232e93a384a7f0793ec1668b6e3cb3c115eaee013f59907c5b842baf7,https://www.ebi.ac.uk/emdb/api/entry/EMD-60705,https://www.ebi.ac.uk/emdb/api/entry/EMD-60705,2026-09-03T14:05:07+00:00,sha256:6393d7a232e93a384a7f0793ec1668b6e3cb3c115eaee013f59907c5b842baf7,SEE_RAW_METADATA,https://www.wwpdb.org/about/usage-policies,第4节初步QC参考；保存不代表完成科学审阅
EMD-60707,emdb_metadata,data/raw/supporting/emdb/EMD-60707.json,57f7231931bee8511e53a4c22e4a940b1708a7dea4e7b3ee3c53745f1ff17e5e,https://www.ebi.ac.uk/emdb/api/entry/EMD-60707,https://www.ebi.ac.uk/emdb/api/entry/EMD-60707,2026-09-03T14:05:08+00:00,sha256:57f7231931bee8511e53a4c22e4a940b1708a7dea4e7b3ee3c53745f1ff17e5e,SEE_RAW_METADATA,https://www.wwpdb.org/about/usage-policies,第4节初步QC参考；保存不代表完成科学审阅
EMD-60861,emdb_metadata,data/raw/supporting/emdb/EMD-60861.json,56b11fb276b91ca74ef85f8f7fbca76e07844db6f3ee8f0ba2583793f410718a,https://www.ebi.ac.uk/emdb/api/entry/EMD-60861,https://www.ebi.ac.uk/emdb/api/entry/EMD-60861,2026-09-03T14:05:08+00:00,sha256:56b11fb276b91ca74ef85f8f7fbca76e07844db6f3ee8f0ba2583793f410718a,SEE_RAW_METADATA,https://www.wwpdb.org/about/usage-policies,第4节初步QC参考；保存不代表完成科学审阅
EMD-60897,emdb_metadata,data/raw/supporting/emdb/EMD-60897.json,1c337157c01edfa7942e3cb6e88856d8eec3f078de4035d73f2d4a67a786a426,https://www.ebi.ac.uk/emdb/api/entry/EMD-60897,https://www.ebi.ac.uk/emdb/api/entry/EMD-60897,2026-09-03T14:05:09+00:00,sha256:1c337157c01edfa7942e3cb6e88856d8eec3f078de4035d73f2d4a67a786a426,SEE_RAW_METADATA,https://www.wwpdb.org/about/usage-policies,第4节初步QC参考；保存不代表完成科学审阅
EMD-60962,emdb_metadata,data/raw/supporting/emdb/EMD-60962.json,ffca73d12c7c2ff5a10821719c944dad045f0237286368fd9f4e0cdfa08ceaa4,https://www.ebi.ac.uk/emdb/api/entry/EMD-60962,https://www.ebi.ac.uk/emdb/api/entry/EMD-60962,2026-09-03T14:05:09+00:00,sha256:ffca73d12c7c2ff5a10821719c944dad045f0237286368fd9f4e0cdfa08ceaa4,SEE_RAW_METADATA,https://www.wwpdb.org/about/usage-policies,第4节初步QC参考；保存不代表完成科学审阅
EMD-61138,emdb_metadata,data/raw/supporting/emdb/EMD-61138.json,3778f032f63cad8b5d06a29b160ccc74bbafeb2f44f0159362b994c665af04da,https://www.ebi.ac.uk/emdb/api/entry/EMD-61138,https://www.ebi.ac.uk/emdb/api/entry/EMD-61138,2026-09-03T14:05:10+00:00,sha256:3778f032f63cad8b5d06a29b160ccc74bbafeb2f44f0159362b994c665af04da,SEE_RAW_METADATA,https://www.wwpdb.org/about/usage-policies,第4节初步QC参考；保存不代表完成科学审阅
EMD-61139,emdb_metadata,data/raw/supporting/emdb/EMD-61139.json,e01dee82eb8903311e0524e2ecc21e4f171ffe783b139a986a26755eca435447,https://www.ebi.ac.uk/emdb/api/entry/EMD-61139,https://www.ebi.ac.uk/emdb/api/entry/EMD-61139,2026-09-03T14:05:10+00:00,sha256:e01dee82eb8903311e0524e2ecc21e4f171ffe783b139a986a26755eca435447,SEE_RAW_METADATA,https://www.wwpdb.org/about/usage-policies,第4节初步QC参考；保存不代表完成科学审阅
EMD-61140,emdb_metadata,data/raw/supporting/emdb/EMD-61140.json,c2ecefac0f8dc86466e3cb73dc49918efd2e4023fc71006dd526c78cca3c6f5c,https://www.ebi.ac.uk/emdb/api/entry/EMD-61140,https://www.ebi.ac.uk/emdb/api/entry/EMD-61140,2026-09-03T14:05:11+00:00,sha256:c2ecefac0f8dc86466e3cb73dc49918efd2e4023fc71006dd526c78cca3c6f5c,SEE_RAW_METADATA,https://www.wwpdb.org/about/usage-policies,第4节初步QC参考；保存不代表完成科学审阅
EMD-61141,emdb_metadata,data/raw/supporting/emdb/EMD-61141.json,2ff0491c0d53f5498754fd0019993847eac4345eec19c01bb220e90a5071c89b,https://www.ebi.ac.uk/emdb/api/entry/EMD-61141,https://www.ebi.ac.uk/emdb/api/entry/EMD-61141,2026-09-03T14:05:11+00:00,sha256:2ff0491c0d53f5498754fd0019993847eac4345eec19c01bb220e90a5071c89b,SEE_RAW_METADATA,https://www.wwpdb.org/about/usage-policies,第4节初步QC参考；保存不代表完成科学审阅
EMD-61254,emdb_metadata,data/raw/supporting/emdb/EMD-61254.json,40e70788d155ab8f737e382d1f96d1ea0c867e098b9966c26c43826702afcc90,https://www.ebi.ac.uk/emdb/api/entry/EMD-61254,https://www.ebi.ac.uk/emdb/api/entry/EMD-61254,2026-09-03T14:05:12+00:00,sha256:40e70788d155ab8f737e382d1f96d1ea0c867e098b9966c26c43826702afcc90,SEE_RAW_METADATA,https://www.wwpdb.org/about/usage-policies,第4节初步QC参考；保存不代表完成科学审阅
EMD-61255,emdb_metadata,data/raw/supporting/emdb/EMD-61255.json,35f63a24c6070a075b27fea3858acb39f8edd2dfaebe8354291a53f2cef5899c,https://www.ebi.ac.uk/emdb/api/entry/EMD-61255,https://www.ebi.ac.uk/emdb/api/entry/EMD-61255,2026-09-03T14:05:12+00:00,sha256:35f63a24c6070a075b27fea3858acb39f8edd2dfaebe8354291a53f2cef5899c,SEE_RAW_METADATA,https://www.wwpdb.org/about/usage-policies,第4节初步QC参考；保存不代表完成科学审阅
EMD-61859,emdb_metadata,data/raw/supporting/emdb/EMD-61859.json,ad3be95c046e1c4c64962676f9277e75d290928d4182679575c0b564e579f587,https://www.ebi.ac.uk/emdb/api/entry/EMD-61859,https://www.ebi.ac.uk/emdb/api/entry/EMD-61859,2026-09-03T14:05:13+00:00,sha256:ad3be95c046e1c4c64962676f9277e75d290928d4182679575c0b564e579f587,SEE_RAW_METADATA,https://www.wwpdb.org/about/usage-policies,第4节初步QC参考；保存不代表完成科学审阅
EMD-61860,emdb_metadata,data/raw/supporting/emdb/EMD-61860.json,7d9d7798ece57d60547ee07cec4df48e7dce9d6a43dc1339490a3a947c869732,https://www.ebi.ac.uk/emdb/api/entry/EMD-61860,https://www.ebi.ac.uk/emdb/api/entry/EMD-61860,2026-09-03T14:05:13+00:00,sha256:7d9d7798ece57d60547ee07cec4df48e7dce9d6a43dc1339490a3a947c869732,SEE_RAW_METADATA,https://www.wwpdb.org/about/usage-policies,第4节初步QC参考；保存不代表完成科学审阅
EMD-61861,emdb_metadata,data/raw/supporting/emdb/EMD-61861.json,4b25c364b0c2747ee7995d206c78b1cc37c0d7b9c634cf2e053f241b76fa5d99,https://www.ebi.ac.uk/emdb/api/entry/EMD-61861,https://www.ebi.ac.uk/emdb/api/entry/EMD-61861,2026-09-03T14:05:14+00:00,sha256:4b25c364b0c2747ee7995d206c78b1cc37c0d7b9c634cf2e053f241b76fa5d99,SEE_RAW_METADATA,https://www.wwpdb.org/about/usage-policies,第4节初步QC参考；保存不代表完成科学审阅
EMD-61862,emdb_metadata,data/raw/supporting/emdb/EMD-61862.json,11a9f4ff992ceadab3274eaf5e2a1e3ec6e2fb668925b1af5edafcdba903b62b,https://www.ebi.ac.uk/emdb/api/entry/EMD-61862,https://www.ebi.ac.uk/emdb/api/entry/EMD-61862,2026-09-03T14:05:14+00:00,sha256:11a9f4ff992ceadab3274eaf5e2a1e3ec6e2fb668925b1af5edafcdba903b62b,SEE_RAW_METADATA,https://www.wwpdb.org/about/usage-policies,第4节初步QC参考；保存不代表完成科学审阅
EMD-61863,emdb_metadata,data/raw/supporting/emdb/EMD-61863.json,07485025ba1bad5fbce764000a9cbb33beae17e0566a1559debffcdf6cd431d9,https://www.ebi.ac.uk/emdb/api/entry/EMD-61863,https://www.ebi.ac.uk/emdb/api/entry/EMD-61863,2026-09-03T14:05:15+00:00,sha256:07485025ba1bad5fbce764000a9cbb33beae17e0566a1559debffcdf6cd431d9,SEE_RAW_METADATA,https://www.wwpdb.org/about/usage-policies,第4节初步QC参考；保存不代表完成科学审阅
EMD-61864,emdb_metadata,data/raw/supporting/emdb/EMD-61864.json,7f364416c0144fd56f4dd7890f126792b4f32fb1ec3bd7595e07a42b069d1032,https://www.ebi.ac.uk/emdb/api/entry/EMD-61864,https://www.ebi.ac.uk/emdb/api/entry/EMD-61864,2026-09-03T14:05:15+00:00,sha256:7f364416c0144fd56f4dd7890f126792b4f32fb1ec3bd7595e07a42b069d1032,SEE_RAW_METADATA,https://www.wwpdb.org/about/usage-policies,第4节初步QC参考；保存不代表完成科学审阅
EMD-61865,emdb_metadata,data/raw/supporting/emdb/EMD-61865.json,ce94b0cf3c1df30c29913061b089cc32e73616722b8e208fe07922a0462e32b1,https://www.ebi.ac.uk/emdb/api/entry/EMD-61865,https://www.ebi.ac.uk/emdb/api/entry/EMD-61865,2026-09-03T14:05:16+00:00,sha256:ce94b0cf3c1df30c29913061b089cc32e73616722b8e208fe07922a0462e32b1,SEE_RAW_METADATA,https://www.wwpdb.org/about/usage-policies,第4节初步QC参考；保存不代表完成科学审阅
EMD-61866,emdb_metadata,data/raw/supporting/emdb/EMD-61866.json,90aa7625a007d2408a0d060e1aa7dc801d6be58e39d618fa79636c7b632e9234,https://www.ebi.ac.uk/emdb/api/entry/EMD-61866,https://www.ebi.ac.uk/emdb/api/entry/EMD-61866,2026-09-03T14:05:16+00:00,sha256:90aa7625a007d2408a0d060e1aa7dc801d6be58e39d618fa79636c7b632e9234,SEE_RAW_METADATA,https://www.wwpdb.org/about/usage-policies,第4节初步QC参考；保存不代表完成科学审阅
EMD-61867,emdb_metadata,data/raw/supporting/emdb/EMD-61867.json,aceaf981e218ca24db8162c7db6c2d1cb618f8bfb10e2bce1172838971197252,https://www.ebi.ac.uk/emdb/api/entry/EMD-61867,https://www.ebi.ac.uk/emdb/api/entry/EMD-61867,2026-09-03T14:05:17+00:00,sha256:aceaf981e218ca24db8162c7db6c2d1cb618f8bfb10e2bce1172838971197252,SEE_RAW_METADATA,https://www.wwpdb.org/about/usage-policies,第4节初步QC参考；保存不代表完成科学审阅
EMD-61868,emdb_metadata,data/raw/supporting/emdb/EMD-61868.json,2314293a8679441704bfb02983d064872e0f838c12a9b29b92ab78ff00c75e6e,https://www.ebi.ac.uk/emdb/api/entry/EMD-61868,https://www.ebi.ac.uk/emdb/api/entry/EMD-61868,2026-09-03T14:05:17+00:00,sha256:2314293a8679441704bfb02983d064872e0f838c12a9b29b92ab78ff00c75e6e,SEE_RAW_METADATA,https://www.wwpdb.org/about/usage-policies,第4节初步QC参考；保存不代表完成科学审阅
EMD-61869,emdb_metadata,data/raw/supporting/emdb/EMD-61869.json,66aab111fdb9be82f90f4507bcf03206a8c2e26e10ea3105c21e09e87faebea7,https://www.ebi.ac.uk/emdb/api/entry/EMD-61869,https://www.ebi.ac.uk/emdb/api/entry/EMD-61869,2026-09-03T14:05:18+00:00,sha256:66aab111fdb9be82f90f4507bcf03206a8c2e26e10ea3105c21e09e87faebea7,SEE_RAW_METADATA,https://www.wwpdb.org/about/usage-policies,第4节初步QC参考；保存不代表完成科学审阅
EMD-61870,emdb_metadata,data/raw/supporting/emdb/EMD-61870.json,f20a00a6158bf1051a9128c162f70490278fa92cd1e74be9906bf22f09a68980,https://www.ebi.ac.uk/emdb/api/entry/EMD-61870,https://www.ebi.ac.uk/emdb/api/entry/EMD-61870,2026-09-03T14:05:18+00:00,sha256:f20a00a6158bf1051a9128c162f70490278fa92cd1e74be9906bf22f09a68980,SEE_RAW_METADATA,https://www.wwpdb.org/about/usage-policies,第4节初步QC参考；保存不代表完成科学审阅
EMD-61871,emdb_metadata,data/raw/supporting/emdb/EMD-61871.json,04b1921ee7ced621e9c71e776d9ff76a2a260c75e56ea73489b0ded2402f01cc,https://www.ebi.ac.uk/emdb/api/entry/EMD-61871,https://www.ebi.ac.uk/emdb/api/entry/EMD-61871,2026-09-03T14:05:19+00:00,sha256:04b1921ee7ced621e9c71e776d9ff76a2a260c75e56ea73489b0ded2402f01cc,SEE_RAW_METADATA,https://www.wwpdb.org/about/usage-policies,第4节初步QC参考；保存不代表完成科学审阅
EMD-61872,emdb_metadata,data/raw/supporting/emdb/EMD-61872.json,880967679252a92ba2cd90afb083ecc13f6a630cc9232ea7dc115eac49b35e4d,https://www.ebi.ac.uk/emdb/api/entry/EMD-61872,https://www.ebi.ac.uk/emdb/api/entry/EMD-61872,2026-09-03T14:05:19+00:00,sha256:880967679252a92ba2cd90afb083ecc13f6a630cc9232ea7dc115eac49b35e4d,SEE_RAW_METADATA,https://www.wwpdb.org/about/usage-policies,第4节初步QC参考；保存不代表完成科学审阅
EMD-61873,emdb_metadata,data/raw/supporting/emdb/EMD-61873.json,88f0b752e66194fcbc58b3d4008d5db8c5f538e6ac03b100993d65514bb3a435,https://www.ebi.ac.uk/emdb/api/entry/EMD-61873,https://www.ebi.ac.uk/emdb/api/entry/EMD-61873,2026-09-03T14:05:19+00:00,sha256:88f0b752e66194fcbc58b3d4008d5db8c5f538e6ac03b100993d65514bb3a435,SEE_RAW_METADATA,https://www.wwpdb.org/about/usage-policies,第4节初步QC参考；保存不代表完成科学审阅
EMD-61874,emdb_metadata,data/raw/supporting/emdb/EMD-61874.json,37e2a6ea9b8373a36e71fd1262e2b70790e9be5d296d66a6c5ab8674f76046f8,https://www.ebi.ac.uk/emdb/api/entry/EMD-61874,https://www.ebi.ac.uk/emdb/api/entry/EMD-61874,2026-09-03T14:05:20+00:00,sha256:37e2a6ea9b8373a36e71fd1262e2b70790e9be5d296d66a6c5ab8674f76046f8,SEE_RAW_METADATA,https://www.wwpdb.org/about/usage-policies,第4节初步QC参考；保存不代表完成科学审阅
EMD-61875,emdb_metadata,data/raw/supporting/emdb/EMD-61875.json,fda50663d11cc3eb0555633724b8245b06ef10316032ef06b98f23a82041d7f8,https://www.ebi.ac.uk/emdb/api/entry/EMD-61875,https://www.ebi.ac.uk/emdb/api/entry/EMD-61875,2026-09-03T14:05:21+00:00,sha256:fda50663d11cc3eb0555633724b8245b06ef10316032ef06b98f23a82041d7f8,SEE_RAW_METADATA,https://www.wwpdb.org/about/usage-policies,第4节初步QC参考；保存不代表完成科学审阅
Q9UBH6,reference_fasta,data/raw/supporting/uniprot/Q9UBH6.fasta,966f72266c62a0703255b5f305a3c624a5fbdc12be255563d6842f7e6df5d68a,https://rest.uniprot.org/uniprotkb/Q9UBH6.fasta,https://rest.uniprot.org/uniprotkb/Q9UBH6.fasta,2026-09-03T14:05:21+00:00,sha256:966f72266c62a0703255b5f305a3c624a5fbdc12be255563d6842f7e6df5d68a,SEE_RAW_METADATA,https://www.uniprot.org/help/license,第4节初步QC参考；保存不代表完成科学审阅
Q9UBH6,reference_metadata,data/raw/supporting/uniprot/Q9UBH6.json,abfbf9cbff2712d867a442d5c9dea9239a6dbdf15be3754d2f0fe3d294b8ee5e,https://rest.uniprot.org/uniprotkb/Q9UBH6.json,https://rest.uniprot.org/uniprotkb/Q9UBH6.json,2026-09-03T14:05:21+00:00,sha256:abfbf9cbff2712d867a442d5c9dea9239a6dbdf15be3754d2f0fe3d294b8ee5e,SEE_RAW_METADATA,https://www.uniprot.org/help/license,第4节初步QC参考；保存不代表完成科学审阅
5IJH,validation,data/raw/supporting/validation/5IJH_validation.xml.gz,4ecf349c35ac46e7a6939bf03e42dc5b2deefcadaf839fc8f2fe4fc8612b993e,https://files.rcsb.org/pub/pdb/validation_reports/ij/5ijh/5ijh_validation.xml.gz,https://files.rcsb.org/pub/pdb/validation_reports/ij/5ijh/5ijh_validation.xml.gz,2026-09-03T14:05:21+00:00,sha256:4ecf349c35ac46e7a6939bf03e42dc5b2deefcadaf839fc8f2fe4fc8612b993e,SEE_RAW_METADATA,https://www.wwpdb.org/about/usage-policies,第4节初步QC参考；保存不代表完成科学审阅
8TYU,validation,data/raw/supporting/validation/8TYU_validation.xml.gz,8c461ebb3ab70f330d919951106c908f7fa6bde4e56f86a64bd374db2f1b3657,https://files.rcsb.org/pub/pdb/validation_reports/ty/8tyu/8tyu_validation.xml.gz,https://files.rcsb.org/pub/pdb/validation_reports/ty/8tyu/8tyu_validation.xml.gz,2026-09-03T14:05:21+00:00,sha256:8c461ebb3ab70f330d919951106c908f7fa6bde4e56f86a64bd374db2f1b3657,SEE_RAW_METADATA,https://www.wwpdb.org/about/usage-policies,第4节初步QC参考；保存不代表完成科学审阅
8TYV,validation,data/raw/supporting/validation/8TYV_validation.xml.gz,53ec0685e5e271c9ba7fd3b93a0dc77560a91f396cf0dab2e7ee72980f8a1dec,https://files.rcsb.org/pub/pdb/validation_reports/ty/8tyv/8tyv_validation.xml.gz,https://files.rcsb.org/pub/pdb/validation_reports/ty/8tyv/8tyv_validation.xml.gz,2026-09-03T14:05:21+00:00,sha256:53ec0685e5e271c9ba7fd3b93a0dc77560a91f396cf0dab2e7ee72980f8a1dec,SEE_RAW_METADATA,https://www.wwpdb.org/about/usage-policies,第4节初步QC参考；保存不代表完成科学审阅
8X5B,validation,data/raw/supporting/validation/8X5B_validation.xml.gz,7332db60aa212f18fb1ecf0b95e6426d07983ac75c7cc52be1008b8b34ca3b39,https://files.rcsb.org/pub/pdb/validation_reports/x5/8x5b/8x5b_validation.xml.gz,https://files.rcsb.org/pub/pdb/validation_reports/x5/8x5b/8x5b_validation.xml.gz,2026-09-03T14:05:22+00:00,sha256:7332db60aa212f18fb1ecf0b95e6426d07983ac75c7cc52be1008b8b34ca3b39,SEE_RAW_METADATA,https://www.wwpdb.org/about/usage-policies,第4节初步QC参考；保存不代表完成科学审阅
8X5E,validation,data/raw/supporting/validation/8X5E_validation.xml.gz,11214371e2487ce5a2d2b67fddc4f0b7984185e78f1d588b0b5f4e2e9da28ea8,https://files.rcsb.org/pub/pdb/validation_reports/x5/8x5e/8x5e_validation.xml.gz,https://files.rcsb.org/pub/pdb/validation_reports/x5/8x5e/8x5e_validation.xml.gz,2026-09-03T14:05:22+00:00,sha256:11214371e2487ce5a2d2b67fddc4f0b7984185e78f1d588b0b5f4e2e9da28ea8,SEE_RAW_METADATA,https://www.wwpdb.org/about/usage-policies,第4节初步QC参考；保存不代表完成科学审阅
8X5F,validation,data/raw/supporting/validation/8X5F_validation.xml.gz,d6240102133123b354cc37549a99e164c40798b7377628d7f209a8bd34afe059,https://files.rcsb.org/pub/pdb/validation_reports/x5/8x5f/8x5f_validation.xml.gz,https://files.rcsb.org/pub/pdb/validation_reports/x5/8x5f/8x5f_validation.xml.gz,2026-09-03T14:05:22+00:00,sha256:d6240102133123b354cc37549a99e164c40798b7377628d7f209a8bd34afe059,SEE_RAW_METADATA,https://www.wwpdb.org/about/usage-policies,第4节初步QC参考；保存不代表完成科学审阅
8YET,validation,data/raw/supporting/validation/8YET_validation.xml.gz,c2895bb525423c3824caeb04414aeb6fbb329bf0a0de53534f00942e0a91cb9e,https://files.rcsb.org/pub/pdb/validation_reports/ye/8yet/8yet_validation.xml.gz,https://files.rcsb.org/pub/pdb/validation_reports/ye/8yet/8yet_validation.xml.gz,2026-09-03T14:05:22+00:00,sha256:c2895bb525423c3824caeb04414aeb6fbb329bf0a0de53534f00942e0a91cb9e,SEE_RAW_METADATA,https://www.wwpdb.org/about/usage-policies,第4节初步QC参考；保存不代表完成科学审阅
8YEX,validation,data/raw/supporting/validation/8YEX_validation.xml.gz,953357692011c8d1b61c4be673d045eda584bad67591f78ef7c9b19a9beff1fb,https://files.rcsb.org/pub/pdb/validation_reports/ye/8yex/8yex_validation.xml.gz,https://files.rcsb.org/pub/pdb/validation_reports/ye/8yex/8yex_validation.xml.gz,2026-09-03T14:05:23+00:00,sha256:953357692011c8d1b61c4be673d045eda584bad67591f78ef7c9b19a9beff1fb,SEE_RAW_METADATA,https://www.wwpdb.org/about/usage-policies,第4节初步QC参考；保存不代表完成科学审阅
8YF4,validation,data/raw/supporting/validation/8YF4_validation.xml.gz,8dffe2fccd9bce205bdab63b8be50e5dff6eadbfac946e77e9153c775ad6e894,https://files.rcsb.org/pub/pdb/validation_reports/yf/8yf4/8yf4_validation.xml.gz,https://files.rcsb.org/pub/pdb/validation_reports/yf/8yf4/8yf4_validation.xml.gz,2026-09-03T14:05:23+00:00,sha256:8dffe2fccd9bce205bdab63b8be50e5dff6eadbfac946e77e9153c775ad6e894,SEE_RAW_METADATA,https://www.wwpdb.org/about/usage-policies,第4节初步QC参考；保存不代表完成科学审阅
8YFD,validation,data/raw/supporting/validation/8YFD_validation.xml.gz,e4b3a2d97b2f7c0cd76a9e950cadc970e3a1b08c130d9200e720a0e3945265d3,https://files.rcsb.org/pub/pdb/validation_reports/yf/8yfd/8yfd_validation.xml.gz,https://files.rcsb.org/pub/pdb/validation_reports/yf/8yfd/8yfd_validation.xml.gz,2026-09-03T14:05:23+00:00,sha256:e4b3a2d97b2f7c0cd76a9e950cadc970e3a1b08c130d9200e720a0e3945265d3,SEE_RAW_METADATA,https://www.wwpdb.org/about/usage-policies,第4节初步QC参考；保存不代表完成科学审阅
8YFU,validation,data/raw/supporting/validation/8YFU_validation.xml.gz,6e1426407136e42f546ab54060573e0ae3f165f0f2b9a9644f64e46933606d68,https://files.rcsb.org/pub/pdb/validation_reports/yf/8yfu/8yfu_validation.xml.gz,https://files.rcsb.org/pub/pdb/validation_reports/yf/8yfu/8yfu_validation.xml.gz,2026-09-03T14:05:23+00:00,sha256:6e1426407136e42f546ab54060573e0ae3f165f0f2b9a9644f64e46933606d68,SEE_RAW_METADATA,https://www.wwpdb.org/about/usage-policies,第4节初步QC参考；保存不代表完成科学审阅
8YFW,validation,data/raw/supporting/validation/8YFW_validation.xml.gz,e984acab7736c9038ad3eb97dd1df4339cabb43fb2c7dd4f34d153020fce9e62,https://files.rcsb.org/pub/pdb/validation_reports/yf/8yfw/8yfw_validation.xml.gz,https://files.rcsb.org/pub/pdb/validation_reports/yf/8yfw/8yfw_validation.xml.gz,2026-09-03T14:05:23+00:00,sha256:e984acab7736c9038ad3eb97dd1df4339cabb43fb2c7dd4f34d153020fce9e62,SEE_RAW_METADATA,https://www.wwpdb.org/about/usage-policies,第4节初步QC参考；保存不代表完成科学审阅
8YFX,validation,data/raw/supporting/validation/8YFX_validation.xml.gz,bb87e1d7fb5af041799e43e08fb8d16dcb9c340dd1124f96bcaa2ec99f7af648,https://files.rcsb.org/pub/pdb/validation_reports/yf/8yfx/8yfx_validation.xml.gz,https://files.rcsb.org/pub/pdb/validation_reports/yf/8yfx/8yfx_validation.xml.gz,2026-09-03T14:05:24+00:00,sha256:bb87e1d7fb5af041799e43e08fb8d16dcb9c340dd1124f96bcaa2ec99f7af648,SEE_RAW_METADATA,https://www.wwpdb.org/about/usage-policies,第4节初步QC参考；保存不代表完成科学审阅
8ZTO,validation,data/raw/supporting/validation/8ZTO_validation.xml.gz,54e7f0110cba28e512fb3d3034589ebf52a8768c1a534ed7259e8610c31895e3,https://files.rcsb.org/pub/pdb/validation_reports/zt/8zto/8zto_validation.xml.gz,https://files.rcsb.org/pub/pdb/validation_reports/zt/8zto/8zto_validation.xml.gz,2026-09-03T14:05:24+00:00,sha256:54e7f0110cba28e512fb3d3034589ebf52a8768c1a534ed7259e8610c31895e3,SEE_RAW_METADATA,https://www.wwpdb.org/about/usage-policies,第4节初步QC参考；保存不代表完成科学审阅
9CKZ,validation,data/raw/supporting/validation/9CKZ_validation.xml.gz,64ef540b03c692566bfdb4781737d9f4566943b5b98b1d851dde975521c40725,https://files.rcsb.org/pub/pdb/validation_reports/ck/9ckz/9ckz_validation.xml.gz,https://files.rcsb.org/pub/pdb/validation_reports/ck/9ckz/9ckz_validation.xml.gz,2026-09-03T14:05:24+00:00,sha256:64ef540b03c692566bfdb4781737d9f4566943b5b98b1d851dde975521c40725,SEE_RAW_METADATA,https://www.wwpdb.org/about/usage-policies,第4节初步QC参考；保存不代表完成科学审阅
9CL0,validation,data/raw/supporting/validation/9CL0_validation.xml.gz,8bd9475b6e5a75db2e39d73e78ce5cb0712835cce0537779d9b0e8d7b9903031,https://files.rcsb.org/pub/pdb/validation_reports/cl/9cl0/9cl0_validation.xml.gz,https://files.rcsb.org/pub/pdb/validation_reports/cl/9cl0/9cl0_validation.xml.gz,2026-09-03T14:05:24+00:00,sha256:8bd9475b6e5a75db2e39d73e78ce5cb0712835cce0537779d9b0e8d7b9903031,SEE_RAW_METADATA,https://www.wwpdb.org/about/usage-policies,第4节初步QC参考；保存不代表完成科学审阅
9DVJ,validation,data/raw/supporting/validation/9DVJ_validation.xml.gz,07cca17a22be2a26661ba42eebf106cd11bfcebe1429f9ae82f8d2f933385622,https://files.rcsb.org/pub/pdb/validation_reports/dv/9dvj/9dvj_validation.xml.gz,https://files.rcsb.org/pub/pdb/validation_reports/dv/9dvj/9dvj_validation.xml.gz,2026-09-03T14:05:25+00:00,sha256:07cca17a22be2a26661ba42eebf106cd11bfcebe1429f9ae82f8d2f933385622,SEE_RAW_METADATA,https://www.wwpdb.org/about/usage-policies,第4节初步QC参考；保存不代表完成科学审阅
9DVK,validation,data/raw/supporting/validation/9DVK_validation.xml.gz,f77c835f8360646920e45c5d79d36ae9648f2a30b8fbe6349491dab76858254d,https://files.rcsb.org/pub/pdb/validation_reports/dv/9dvk/9dvk_validation.xml.gz,https://files.rcsb.org/pub/pdb/validation_reports/dv/9dvk/9dvk_validation.xml.gz,2026-09-03T14:05:25+00:00,sha256:f77c835f8360646920e45c5d79d36ae9648f2a30b8fbe6349491dab76858254d,SEE_RAW_METADATA,https://www.wwpdb.org/about/usage-policies,第4节初步QC参考；保存不代表完成科学审阅
9DVL,validation,data/raw/supporting/validation/9DVL_validation.xml.gz,82236a477ac3735de33e0cb09e6657caeb5b300df9106ec463e1a9304c83c8e0,https://files.rcsb.org/pub/pdb/validation_reports/dv/9dvl/9dvl_validation.xml.gz,https://files.rcsb.org/pub/pdb/validation_reports/dv/9dvl/9dvl_validation.xml.gz,2026-09-03T14:05:25+00:00,sha256:82236a477ac3735de33e0cb09e6657caeb5b300df9106ec463e1a9304c83c8e0,SEE_RAW_METADATA,https://www.wwpdb.org/about/usage-policies,第4节初步QC参考；保存不代表完成科学审阅
9DVM,validation,data/raw/supporting/validation/9DVM_validation.xml.gz,d1bec3331821779cc05faf4b97b1242eea9eee3159b3cc5169dcadb0352869d1,https://files.rcsb.org/pub/pdb/validation_reports/dv/9dvm/9dvm_validation.xml.gz,https://files.rcsb.org/pub/pdb/validation_reports/dv/9dvm/9dvm_validation.xml.gz,2026-09-03T14:05:25+00:00,sha256:d1bec3331821779cc05faf4b97b1242eea9eee3159b3cc5169dcadb0352869d1,SEE_RAW_METADATA,https://www.wwpdb.org/about/usage-policies,第4节初步QC参考；保存不代表完成科学审阅
9DVN,validation,data/raw/supporting/validation/9DVN_validation.xml.gz,8451738580f39d0cf14bc517df7fa52b7b95787e2a033755cf75293f191f1032,https://files.rcsb.org/pub/pdb/validation_reports/dv/9dvn/9dvn_validation.xml.gz,https://files.rcsb.org/pub/pdb/validation_reports/dv/9dvn/9dvn_validation.xml.gz,2026-09-03T14:05:25+00:00,sha256:8451738580f39d0cf14bc517df7fa52b7b95787e2a033755cf75293f191f1032,SEE_RAW_METADATA,https://www.wwpdb.org/about/usage-policies,第4节初步QC参考；保存不代表完成科学审阅
9DVO,validation,data/raw/supporting/validation/9DVO_validation.xml.gz,a32239184732804eb35d072685852f524af647dfdb12984a28d02cfee8158aa6,https://files.rcsb.org/pub/pdb/validation_reports/dv/9dvo/9dvo_validation.xml.gz,https://files.rcsb.org/pub/pdb/validation_reports/dv/9dvo/9dvo_validation.xml.gz,2026-09-03T14:05:26+00:00,sha256:a32239184732804eb35d072685852f524af647dfdb12984a28d02cfee8158aa6,SEE_RAW_METADATA,https://www.wwpdb.org/about/usage-policies,第4节初步QC参考；保存不代表完成科学审阅
9DVP,validation,data/raw/supporting/validation/9DVP_validation.xml.gz,bee40db32d2fcf01612c8c14be143a7c0e2a4864828ae0c78876abd967d52eb1,https://files.rcsb.org/pub/pdb/validation_reports/dv/9dvp/9dvp_validation.xml.gz,https://files.rcsb.org/pub/pdb/validation_reports/dv/9dvp/9dvp_validation.xml.gz,2026-09-03T14:05:26+00:00,sha256:bee40db32d2fcf01612c8c14be143a7c0e2a4864828ae0c78876abd967d52eb1,SEE_RAW_METADATA,https://www.wwpdb.org/about/usage-policies,第4节初步QC参考；保存不代表完成科学审阅
9IJY,validation,data/raw/supporting/validation/9IJY_validation.xml.gz,322ec0d030a2d21142afc8c4990d252d4360f2c1aba71153c3484fd5960fe0e2,https://files.rcsb.org/pub/pdb/validation_reports/ij/9ijy/9ijy_validation.xml.gz,https://files.rcsb.org/pub/pdb/validation_reports/ij/9ijy/9ijy_validation.xml.gz,2026-09-03T14:05:26+00:00,sha256:322ec0d030a2d21142afc8c4990d252d4360f2c1aba71153c3484fd5960fe0e2,SEE_RAW_METADATA,https://www.wwpdb.org/about/usage-policies,第4节初步QC参考；保存不代表完成科学审阅
9IJZ,validation,data/raw/supporting/validation/9IJZ_validation.xml.gz,c2b39b6e4bb6bb0434ab02d7ae4ef03d2bd3bfed4b6db7b500fd462ba04481f4,https://files.rcsb.org/pub/pdb/validation_reports/ij/9ijz/9ijz_validation.xml.gz,https://files.rcsb.org/pub/pdb/validation_reports/ij/9ijz/9ijz_validation.xml.gz,2026-09-03T14:05:26+00:00,sha256:c2b39b6e4bb6bb0434ab02d7ae4ef03d2bd3bfed4b6db7b500fd462ba04481f4,SEE_RAW_METADATA,https://www.wwpdb.org/about/usage-policies,第4节初步QC参考；保存不代表完成科学审阅
9INE,validation,data/raw/supporting/validation/9INE_validation.xml.gz,879d509837d77c4c5df3695a822c369feae9352cea3378373cdd3d850e12ce48,https://files.rcsb.org/pub/pdb/validation_reports/in/9ine/9ine_validation.xml.gz,https://files.rcsb.org/pub/pdb/validation_reports/in/9ine/9ine_validation.xml.gz,2026-09-03T14:05:27+00:00,sha256:879d509837d77c4c5df3695a822c369feae9352cea3378373cdd3d850e12ce48,SEE_RAW_METADATA,https://www.wwpdb.org/about/usage-policies,第4节初步QC参考；保存不代表完成科学审阅
9INF,validation,data/raw/supporting/validation/9INF_validation.xml.gz,365d69098f1b7ae97c094d8961691e47c17dd3b4a6df7531449a31c4480114ce,https://files.rcsb.org/pub/pdb/validation_reports/in/9inf/9inf_validation.xml.gz,https://files.rcsb.org/pub/pdb/validation_reports/in/9inf/9inf_validation.xml.gz,2026-09-03T14:05:27+00:00,sha256:365d69098f1b7ae97c094d8961691e47c17dd3b4a6df7531449a31c4480114ce,SEE_RAW_METADATA,https://www.wwpdb.org/about/usage-policies,第4节初步QC参考；保存不代表完成科学审阅
9INH,validation,data/raw/supporting/validation/9INH_validation.xml.gz,a746691948475e6848984d57e1b8a30aa6de5f33374bf2a1073f78285a80c180,https://files.rcsb.org/pub/pdb/validation_reports/in/9inh/9inh_validation.xml.gz,https://files.rcsb.org/pub/pdb/validation_reports/in/9inh/9inh_validation.xml.gz,2026-09-03T14:05:28+00:00,sha256:a746691948475e6848984d57e1b8a30aa6de5f33374bf2a1073f78285a80c180,SEE_RAW_METADATA,https://www.wwpdb.org/about/usage-policies,第4节初步QC参考；保存不代表完成科学审阅
9ITG,validation,data/raw/supporting/validation/9ITG_validation.xml.gz,0b57591f03ecb8e9692348a1abc92ec88c429676a55e9303e26002aca6202522,https://files.rcsb.org/pub/pdb/validation_reports/it/9itg/9itg_validation.xml.gz,https://files.rcsb.org/pub/pdb/validation_reports/it/9itg/9itg_validation.xml.gz,2026-09-03T14:05:27+00:00,sha256:0b57591f03ecb8e9692348a1abc92ec88c429676a55e9303e26002aca6202522,SEE_RAW_METADATA,https://www.wwpdb.org/about/usage-policies,第4节初步QC参考；保存不代表完成科学审阅
9IUC,validation,data/raw/supporting/validation/9IUC_validation.xml.gz,7e235b6108857d936a72def1c2d8bce8d765897d130fa90b0e6e7a104fba0268,https://files.rcsb.org/pub/pdb/validation_reports/iu/9iuc/9iuc_validation.xml.gz,https://files.rcsb.org/pub/pdb/validation_reports/iu/9iuc/9iuc_validation.xml.gz,2026-09-03T14:05:28+00:00,sha256:7e235b6108857d936a72def1c2d8bce8d765897d130fa90b0e6e7a104fba0268,SEE_RAW_METADATA,https://www.wwpdb.org/about/usage-policies,第4节初步QC参考；保存不代表完成科学审阅
9IWS,validation,data/raw/supporting/validation/9IWS_validation.xml.gz,c29eecbb60af03b84d9ccdaa9ec2219f95b837cbc05090f578306d2ed2fa216c,https://files.rcsb.org/pub/pdb/validation_reports/iw/9iws/9iws_validation.xml.gz,https://files.rcsb.org/pub/pdb/validation_reports/iw/9iws/9iws_validation.xml.gz,2026-09-03T14:05:28+00:00,sha256:c29eecbb60af03b84d9ccdaa9ec2219f95b837cbc05090f578306d2ed2fa216c,SEE_RAW_METADATA,https://www.wwpdb.org/about/usage-policies,第4节初步QC参考；保存不代表完成科学审阅
9J4X,validation,data/raw/supporting/validation/9J4X_validation.xml.gz,bf6996f32c1903dcfe049a2022cf5adcb462d37725822eef99e37b4968f9fdce,https://files.rcsb.org/pub/pdb/validation_reports/j4/9j4x/9j4x_validation.xml.gz,https://files.rcsb.org/pub/pdb/validation_reports/j4/9j4x/9j4x_validation.xml.gz,2026-09-03T14:05:29+00:00,sha256:bf6996f32c1903dcfe049a2022cf5adcb462d37725822eef99e37b4968f9fdce,SEE_RAW_METADATA,https://www.wwpdb.org/about/usage-policies,第4节初步QC参考；保存不代表完成科学审阅
9J51,validation,data/raw/supporting/validation/9J51_validation.xml.gz,bc5f3b328e7cf7cda1decc1a4dcddecc7411717c7f96ff1df090be1a3973517b,https://files.rcsb.org/pub/pdb/validation_reports/j5/9j51/9j51_validation.xml.gz,https://files.rcsb.org/pub/pdb/validation_reports/j5/9j51/9j51_validation.xml.gz,2026-09-03T14:05:29+00:00,sha256:bc5f3b328e7cf7cda1decc1a4dcddecc7411717c7f96ff1df090be1a3973517b,SEE_RAW_METADATA,https://www.wwpdb.org/about/usage-policies,第4节初步QC参考；保存不代表完成科学审阅
9J52,validation,data/raw/supporting/validation/9J52_validation.xml.gz,638ee79a34e76460b2e31d3b5e23c8296c945e67e6e5628820d9744f7580e33f,https://files.rcsb.org/pub/pdb/validation_reports/j5/9j52/9j52_validation.xml.gz,https://files.rcsb.org/pub/pdb/validation_reports/j5/9j52/9j52_validation.xml.gz,2026-09-03T14:05:29+00:00,sha256:638ee79a34e76460b2e31d3b5e23c8296c945e67e6e5628820d9744f7580e33f,SEE_RAW_METADATA,https://www.wwpdb.org/about/usage-policies,第4节初步QC参考；保存不代表完成科学审阅
9J53,validation,data/raw/supporting/validation/9J53_validation.xml.gz,e926d672c3de3c971b60db1474753f466a6f6fa9bb9ec9cbbf5d3036ee1ac6e6,https://files.rcsb.org/pub/pdb/validation_reports/j5/9j53/9j53_validation.xml.gz,https://files.rcsb.org/pub/pdb/validation_reports/j5/9j53/9j53_validation.xml.gz,2026-09-03T14:05:29+00:00,sha256:e926d672c3de3c971b60db1474753f466a6f6fa9bb9ec9cbbf5d3036ee1ac6e6,SEE_RAW_METADATA,https://www.wwpdb.org/about/usage-policies,第4节初步QC参考；保存不代表完成科学审阅
9J97,validation,data/raw/supporting/validation/9J97_validation.xml.gz,094fae1556a20a8f4814ee380bad09bfab0c29ef1706356ff110c3365cf66451,https://files.rcsb.org/pub/pdb/validation_reports/j9/9j97/9j97_validation.xml.gz,https://files.rcsb.org/pub/pdb/validation_reports/j9/9j97/9j97_validation.xml.gz,2026-09-03T14:05:30+00:00,sha256:094fae1556a20a8f4814ee380bad09bfab0c29ef1706356ff110c3365cf66451,SEE_RAW_METADATA,https://www.wwpdb.org/about/usage-policies,第4节初步QC参考；保存不代表完成科学审阅
9J98,validation,data/raw/supporting/validation/9J98_validation.xml.gz,585584a4652b7265cacfd1650e576b384985f27718837483c6bef60c28e7d371,https://files.rcsb.org/pub/pdb/validation_reports/j9/9j98/9j98_validation.xml.gz,https://files.rcsb.org/pub/pdb/validation_reports/j9/9j98/9j98_validation.xml.gz,2026-09-03T14:05:30+00:00,sha256:585584a4652b7265cacfd1650e576b384985f27718837483c6bef60c28e7d371,SEE_RAW_METADATA,https://www.wwpdb.org/about/usage-policies,第4节初步QC参考；保存不代表完成科学审阅
9JXD,validation,data/raw/supporting/validation/9JXD_validation.xml.gz,04de655c1185c65e0fd75a489610caaa62d4ea4e073851e54f5dc6295b61fc48,https://files.rcsb.org/pub/pdb/validation_reports/jx/9jxd/9jxd_validation.xml.gz,https://files.rcsb.org/pub/pdb/validation_reports/jx/9jxd/9jxd_validation.xml.gz,2026-09-03T14:05:30+00:00,sha256:04de655c1185c65e0fd75a489610caaa62d4ea4e073851e54f5dc6295b61fc48,SEE_RAW_METADATA,https://www.wwpdb.org/about/usage-policies,第4节初步QC参考；保存不代表完成科学审阅
9JXE,validation,data/raw/supporting/validation/9JXE_validation.xml.gz,3316751fe0a2cbc54b53a33e4c3c555f53f5705796e8446c82ac9728f5f37990,https://files.rcsb.org/pub/pdb/validation_reports/jx/9jxe/9jxe_validation.xml.gz,https://files.rcsb.org/pub/pdb/validation_reports/jx/9jxe/9jxe_validation.xml.gz,2026-09-03T14:05:30+00:00,sha256:3316751fe0a2cbc54b53a33e4c3c555f53f5705796e8446c82ac9728f5f37990,SEE_RAW_METADATA,https://www.wwpdb.org/about/usage-policies,第4节初步QC参考；保存不代表完成科学审阅
9JXF,validation,data/raw/supporting/validation/9JXF_validation.xml.gz,9b8186c0d622841f8c0a8a1a358f3686ee3c5dcd230f9ecd29e2939e106bcad6,https://files.rcsb.org/pub/pdb/validation_reports/jx/9jxf/9jxf_validation.xml.gz,https://files.rcsb.org/pub/pdb/validation_reports/jx/9jxf/9jxf_validation.xml.gz,2026-09-03T14:05:31+00:00,sha256:9b8186c0d622841f8c0a8a1a358f3686ee3c5dcd230f9ecd29e2939e106bcad6,SEE_RAW_METADATA,https://www.wwpdb.org/about/usage-policies,第4节初步QC参考；保存不代表完成科学审阅
9JXG,validation,data/raw/supporting/validation/9JXG_validation.xml.gz,a86db364c419c058f725b048812cd47b04f953ff6f19772ad7dfd5749c6756cb,https://files.rcsb.org/pub/pdb/validation_reports/jx/9jxg/9jxg_validation.xml.gz,https://files.rcsb.org/pub/pdb/validation_reports/jx/9jxg/9jxg_validation.xml.gz,2026-09-03T14:05:31+00:00,sha256:a86db364c419c058f725b048812cd47b04f953ff6f19772ad7dfd5749c6756cb,SEE_RAW_METADATA,https://www.wwpdb.org/about/usage-policies,第4节初步QC参考；保存不代表完成科学审阅
9JXH,validation,data/raw/supporting/validation/9JXH_validation.xml.gz,d8b56db97555925b67bc7794590baed9b27e246534af2aa1df98719a854c736d,https://files.rcsb.org/pub/pdb/validation_reports/jx/9jxh/9jxh_validation.xml.gz,https://files.rcsb.org/pub/pdb/validation_reports/jx/9jxh/9jxh_validation.xml.gz,2026-09-03T14:05:31+00:00,sha256:d8b56db97555925b67bc7794590baed9b27e246534af2aa1df98719a854c736d,SEE_RAW_METADATA,https://www.wwpdb.org/about/usage-policies,第4节初步QC参考；保存不代表完成科学审阅
9JXI,validation,data/raw/supporting/validation/9JXI_validation.xml.gz,0ce9a2e9e0f9339149ffdbb87457789796a26853b9d2c96be46ae6124cbe73d9,https://files.rcsb.org/pub/pdb/validation_reports/jx/9jxi/9jxi_validation.xml.gz,https://files.rcsb.org/pub/pdb/validation_reports/jx/9jxi/9jxi_validation.xml.gz,2026-09-03T14:05:32+00:00,sha256:0ce9a2e9e0f9339149ffdbb87457789796a26853b9d2c96be46ae6124cbe73d9,SEE_RAW_METADATA,https://www.wwpdb.org/about/usage-policies,第4节初步QC参考；保存不代表完成科学审阅
9JXJ,validation,data/raw/supporting/validation/9JXJ_validation.xml.gz,0b2f0c4c4e3b355221a087159605fb330de7c84e92479f38eceda3b2620b9e65,https://files.rcsb.org/pub/pdb/validation_reports/jx/9jxj/9jxj_validation.xml.gz,https://files.rcsb.org/pub/pdb/validation_reports/jx/9jxj/9jxj_validation.xml.gz,2026-09-03T14:05:32+00:00,sha256:0b2f0c4c4e3b355221a087159605fb330de7c84e92479f38eceda3b2620b9e65,SEE_RAW_METADATA,https://www.wwpdb.org/about/usage-policies,第4节初步QC参考；保存不代表完成科学审阅
9JXK,validation,data/raw/supporting/validation/9JXK_validation.xml.gz,d4156f89e8afdeb8e1aebf2a81987c956e28a357619afca1bae89906b32400e7,https://files.rcsb.org/pub/pdb/validation_reports/jx/9jxk/9jxk_validation.xml.gz,https://files.rcsb.org/pub/pdb/validation_reports/jx/9jxk/9jxk_validation.xml.gz,2026-09-03T14:05:32+00:00,sha256:d4156f89e8afdeb8e1aebf2a81987c956e28a357619afca1bae89906b32400e7,SEE_RAW_METADATA,https://www.wwpdb.org/about/usage-policies,第4节初步QC参考；保存不代表完成科学审阅
9JXL,validation,data/raw/supporting/validation/9JXL_validation.xml.gz,ed499ec575e39a1d4436c22dab2d2037d11fc5626385f15c0c7110db703af879,https://files.rcsb.org/pub/pdb/validation_reports/jx/9jxl/9jxl_validation.xml.gz,https://files.rcsb.org/pub/pdb/validation_reports/jx/9jxl/9jxl_validation.xml.gz,2026-09-03T14:05:32+00:00,sha256:ed499ec575e39a1d4436c22dab2d2037d11fc5626385f15c0c7110db703af879,SEE_RAW_METADATA,https://www.wwpdb.org/about/usage-policies,第4节初步QC参考；保存不代表完成科学审阅
9JXM,validation,data/raw/supporting/validation/9JXM_validation.xml.gz,1628603318272f895c5974f04fffa2f938f3a23f64ab5c8b5ba4e6eb428f21a8,https://files.rcsb.org/pub/pdb/validation_reports/jx/9jxm/9jxm_validation.xml.gz,https://files.rcsb.org/pub/pdb/validation_reports/jx/9jxm/9jxm_validation.xml.gz,2026-09-03T14:05:32+00:00,sha256:1628603318272f895c5974f04fffa2f938f3a23f64ab5c8b5ba4e6eb428f21a8,SEE_RAW_METADATA,https://www.wwpdb.org/about/usage-policies,第4节初步QC参考；保存不代表完成科学审阅
9JXN,validation,data/raw/supporting/validation/9JXN_validation.xml.gz,3bacb319e469838c10f940ee36899c9b43774774e9d0123933f1515f4ae13e6f,https://files.rcsb.org/pub/pdb/validation_reports/jx/9jxn/9jxn_validation.xml.gz,https://files.rcsb.org/pub/pdb/validation_reports/jx/9jxn/9jxn_validation.xml.gz,2026-09-03T14:05:33+00:00,sha256:3bacb319e469838c10f940ee36899c9b43774774e9d0123933f1515f4ae13e6f,SEE_RAW_METADATA,https://www.wwpdb.org/about/usage-policies,第4节初步QC参考；保存不代表完成科学审阅
9JXO,validation,data/raw/supporting/validation/9JXO_validation.xml.gz,6b712e9a4517e41a674b4d41f3409af2dca06cb67659a5cbd9dbb1091c6aab66,https://files.rcsb.org/pub/pdb/validation_reports/jx/9jxo/9jxo_validation.xml.gz,https://files.rcsb.org/pub/pdb/validation_reports/jx/9jxo/9jxo_validation.xml.gz,2026-09-03T14:05:33+00:00,sha256:6b712e9a4517e41a674b4d41f3409af2dca06cb67659a5cbd9dbb1091c6aab66,SEE_RAW_METADATA,https://www.wwpdb.org/about/usage-policies,第4节初步QC参考；保存不代表完成科学审阅
9JXP,validation,data/raw/supporting/validation/9JXP_validation.xml.gz,08259bb6f106d309e44140600713180d5088bf285aa3272996c4177f0585d593,https://files.rcsb.org/pub/pdb/validation_reports/jx/9jxp/9jxp_validation.xml.gz,https://files.rcsb.org/pub/pdb/validation_reports/jx/9jxp/9jxp_validation.xml.gz,2026-09-03T14:05:33+00:00,sha256:08259bb6f106d309e44140600713180d5088bf285aa3272996c4177f0585d593,SEE_RAW_METADATA,https://www.wwpdb.org/about/usage-policies,第4节初步QC参考；保存不代表完成科学审阅
9JXQ,validation,data/raw/supporting/validation/9JXQ_validation.xml.gz,99c7ae2d413c97f3607e5db4fe385e50e2ec5d7431cfae71ef3b79b9683dc5b6,https://files.rcsb.org/pub/pdb/validation_reports/jx/9jxq/9jxq_validation.xml.gz,https://files.rcsb.org/pub/pdb/validation_reports/jx/9jxq/9jxq_validation.xml.gz,2026-09-03T14:05:33+00:00,sha256:99c7ae2d413c97f3607e5db4fe385e50e2ec5d7431cfae71ef3b79b9683dc5b6,SEE_RAW_METADATA,https://www.wwpdb.org/about/usage-policies,第4节初步QC参考；保存不代表完成科学审阅
