"PDB_ID","paper_family","structure_scope","primary_citation","PMID","DOI","species","reported_state","curation_notes"
"8X5B","T1","TMD","Nature (2024). Human XPR1 structures reveal phosphate export mechanism.","39169184","https://doi.org/10.1038/s41586-024-07852-9","Homo sapiens","closed states","RCSB标题使用closed states（复数）；未进行跨论文重新分类。"
"8X5E","T1","TMD","Nature (2024). Human XPR1 structures reveal phosphate export mechanism.","39169184","https://doi.org/10.1038/s41586-024-07852-9","Homo sapiens","open state",""
"8X5F","T1","TMD","Nature (2024). Human XPR1 structures reveal phosphate export mechanism.","39169184","https://doi.org/10.1038/s41586-024-07852-9","Homo sapiens","UNRESOLVED","标题仅注明与InsP6形成复合物，未给出构象状态。"
"8YET","T2","TMD","Science (2024). Structural basis for inositol pyrophosphate gating of the phosphate channel XPR1.","39325866","https://doi.org/10.1126/science.adp3252","Homo sapiens","UNRESOLVED","标题仅注明IP6复合物，未给出构象状态。"
"8YEX","T2","TMD","Science (2024). Structural basis for inositol pyrophosphate gating of the phosphate channel XPR1.","39325866","https://doi.org/10.1126/science.adp3252","Homo sapiens","UNRESOLVED","标题注明apo条件，未给出构象状态。"
"8YF4","T2","TMD","Science (2024). Structural basis for inositol pyrophosphate gating of the phosphate channel XPR1.","39325866","https://doi.org/10.1126/science.adp3252","Homo sapiens","open and inward-facing state","标题同时使用open和inward-facing两个表述。"
"8YFD","T2","TMD","Science (2024). Structural basis for inositol pyrophosphate gating of the phosphate channel XPR1.","39325866","https://doi.org/10.1126/science.adp3252","Homo sapiens","open state",""
"8YFU","T2","TMD","Science (2024). Structural basis for inositol pyrophosphate gating of the phosphate channel XPR1.","39325866","https://doi.org/10.1126/science.adp3252","Homo sapiens","intermediate state",""
"8YFW","T2","TMD","Science (2024). Structural basis for inositol pyrophosphate gating of the phosphate channel XPR1.","39325866","https://doi.org/10.1126/science.adp3252","Homo sapiens","intermediate state",""
"8YFX","T2","TMD","Science (2024). Structural basis for inositol pyrophosphate gating of the phosphate channel XPR1.","39325866","https://doi.org/10.1126/science.adp3252","Homo sapiens","inward-facing state",""
"9IWS","T2","TMD","Science (2024). Structural basis for inositol pyrophosphate gating of the phosphate channel XPR1.","39325866","https://doi.org/10.1126/science.adp3252","Homo sapiens","UNRESOLVED","标题仅注明IP7复合物，未给出构象状态。"
"9J4X","T3","TMD","Nat Commun (2025). Structural insights into the mechanism of phosphate recognition and transport by XPR1.","39747008","https://doi.org/10.1038/s41467-024-55471-9","Homo sapiens","UNRESOLVED","标题注明apo条件，未给出构象状态。"
"9J51","T3","TMD","Nat Commun (2025). Structural insights into the mechanism of phosphate recognition and transport by XPR1.","39747008","https://doi.org/10.1038/s41467-024-55471-9","Homo sapiens","state A","state A为该论文作者标签，不能直接等同于跨家族开放态或关闭态。"
"9J52","T3","TMD","Nat Commun (2025). Structural insights into the mechanism of phosphate recognition and transport by XPR1.","39747008","https://doi.org/10.1038/s41467-024-55471-9","Homo sapiens","state B","state B为该论文作者标签，不能直接等同于跨家族开放态或关闭态。"
"9J53","T3","TMD","Nat Commun (2025). Structural insights into the mechanism of phosphate recognition and transport by XPR1.","39747008","https://doi.org/10.1038/s41467-024-55471-9","Homo sapiens","state C","state C为该论文作者标签，不能直接等同于跨家族开放态或关闭态。"
"9IJY","T4","TMD","Nat Commun (2025). Structural basis of phosphate export by human XPR1.","39814721","https://doi.org/10.1038/s41467-025-55995-8","Homo sapiens","UNRESOLVED","Y22A/E23A/K26A突变体；标题未给出构象状态。"
"9IJZ","T4","TMD","Nat Commun (2025). Structural basis of phosphate export by human XPR1.","39814721","https://doi.org/10.1038/s41467-025-55995-8","Homo sapiens","UNRESOLVED","WT构建体；标题未给出构象状态。"
"9J97","T5","TMD","Cell Res (2025). Structural basis of phosphate export by human XPR1.","40016597","https://doi.org/10.1038/s41422-025-01081-z","Homo sapiens","closed","XPR1来源为Homo sapiens；融合构建体还含Aequorea victoria来源的GFP序列。"
"9J98","T5","TMD","Cell Res (2025). Structural basis of phosphate export by human XPR1.","40016597","https://doi.org/10.1038/s41422-025-01081-z","Homo sapiens","open","XPR1来源为Homo sapiens；融合构建体还含Aequorea victoria来源的GFP序列。"
"9DVJ","T6","TMD","Nat Commun (2025). Transport and InsP8 gating mechanisms of the human inorganic phosphate exporter XPR1.","40113814","https://doi.org/10.1038/s41467-025-58076-y","Homo sapiens","UNRESOLVED","标题未给出具体构象状态。"
"9DVK","T6","TMD","Nat Commun (2025). Transport and InsP8 gating mechanisms of the human inorganic phosphate exporter XPR1.","40113814","https://doi.org/10.1038/s41467-025-58076-y","Homo sapiens","rotated dimer","标题使用rotated dimer；是否作为统一构象状态需后续QC。"
"9DVL","T6","TMD","Nat Commun (2025). Transport and InsP8 gating mechanisms of the human inorganic phosphate exporter XPR1.","40113814","https://doi.org/10.1038/s41467-025-58076-y","Homo sapiens","UNRESOLVED","标题注明InsP6-supplemented条件，未给出构象状态。"
"9DVM","T6","TMD","Nat Commun (2025). Transport and InsP8 gating mechanisms of the human inorganic phosphate exporter XPR1.","40113814","https://doi.org/10.1038/s41467-025-58076-y","Homo sapiens","intracellular gate open / intracellular gate closed state","InsP8-bound；标题同时列出胞内门开放/关闭状态，需后续按亚基解析。"
"9DVN","T6","TMD","Nat Commun (2025). Transport and InsP8 gating mechanisms of the human inorganic phosphate exporter XPR1.","40113814","https://doi.org/10.1038/s41467-025-58076-y","Homo sapiens","intracellular gate closed state",""
"9DVO","T6","TMD","Nat Commun (2025). Transport and InsP8 gating mechanisms of the human inorganic phosphate exporter XPR1.","40113814","https://doi.org/10.1038/s41467-025-58076-y","Homo sapiens","intracellular gate open / intracellular gate closed state","Pi和InsP8-bound；标题同时列出胞内门开放/关闭状态，需后续按亚基解析。"
"9DVP","T6","TMD","Nat Commun (2025). Transport and InsP8 gating mechanisms of the human inorganic phosphate exporter XPR1.","40113814","https://doi.org/10.1038/s41467-025-58076-y","Homo sapiens","intracellular gate closed state",""
"9INE","T7","TMD","Nat Commun (2025). Synergistic activation of the human phosphate exporter XPR1 by KIDINS220 and inositol pyrophosphate.","40128258","https://doi.org/10.1038/s41467-025-58200-y","Homo sapiens","closed state","标题注明实验中存在KIDINS220-1-432；是否在坐标中建模需QC另行确认。"
"9INF","T7","TMD","Nat Commun (2025). Synergistic activation of the human phosphate exporter XPR1 by KIDINS220 and inositol pyrophosphate.","40128258","https://doi.org/10.1038/s41467-025-58200-y","Homo sapiens","closed state","标题注明KIDINS220-1-432和10 mM KH2PO4条件；是否建模需QC另行确认。"
"9INH","T7","TMD","Nat Commun (2025). Synergistic activation of the human phosphate exporter XPR1 by KIDINS220 and inositol pyrophosphate.","40128258","https://doi.org/10.1038/s41467-025-58200-y","Homo sapiens","outward-facing state (SPX visible)","InsP6复合物；标题注明SPX visible、KIDINS220-1-432和10 mM KH2PO4条件。"
"9ITG","T7","TMD","Nat Commun (2025). Synergistic activation of the human phosphate exporter XPR1 by KIDINS220 and inositol pyrophosphate.","40128258","https://doi.org/10.1038/s41467-025-58200-y","Homo sapiens","inward-facing state","E622A/F623A突变体；InsP6复合物；10 mM KH2PO4条件。"
"9IUC","T7","TMD","Nat Commun (2025). Synergistic activation of the human phosphate exporter XPR1 by KIDINS220 and inositol pyrophosphate.","40128258","https://doi.org/10.1038/s41467-025-58200-y","Homo sapiens","closed state","InsP6复合物；标题注明KIDINS220-1-432且无底物KH2PO4。"
"8ZTO","T8","TMD","Nat Commun (2025). Structure and function of human XPR1 in phosphate export.","40140662","https://doi.org/10.1038/s41467-025-58195-6","Homo sapiens","UNRESOLVED","RCSB标题未给出具体构象状态。"
"9CKZ","T9","TMD","Nat Commun (2025). The identification of XPR1 as a voltage- and phosphate-activated phosphate-permeable ion channel.","40374661","https://doi.org/10.1038/s41467-025-59678-2","Homo sapiens","UNRESOLVED","标题注明apo条件，未给出构象状态。"
"9CL0","T9","TMD","Nat Commun (2025). The identification of XPR1 as a voltage- and phosphate-activated phosphate-permeable ion channel.","40374661","https://doi.org/10.1038/s41467-025-59678-2","Homo sapiens","UNRESOLVED","标题注明无机磷酸和phytic acid条件，未给出构象状态。"
"9JXD","T10","TMD","Mol Cell (2025). KIDINS220 and InsP8 safeguard the stepwise regulation of phosphate exporter XPR1.","40858110","https://doi.org/10.1016/j.molcel.2025.08.003","Homo sapiens","UNRESOLVED","标题注明apo条件，未给出构象状态。"
"9JXE","T10","TMD","Mol Cell (2025). KIDINS220 and InsP8 safeguard the stepwise regulation of phosphate exporter XPR1.","40858110","https://doi.org/10.1016/j.molcel.2025.08.003","Homo sapiens","apo class 1; one visible SPX domain","作者按apo数据中的SPX可见性定义class 1。"
"9JXF","T10","TMD","Mol Cell (2025). KIDINS220 and InsP8 safeguard the stepwise regulation of phosphate exporter XPR1.","40858110","https://doi.org/10.1016/j.molcel.2025.08.003","Homo sapiens","apo class 2; asymmetrically dimerized SPX domains","作者按apo数据中的SPX二聚方式定义class 2。"
"9JXG","T10","TMD","Mol Cell (2025). KIDINS220 and InsP8 safeguard the stepwise regulation of phosphate exporter XPR1.","40858110","https://doi.org/10.1016/j.molcel.2025.08.003","Homo sapiens","apo class 3; symmetrically dimerized SPX domains","作者按apo数据中的SPX二聚方式定义class 3。"
"9JXH","T10","TMD","Mol Cell (2025). KIDINS220 and InsP8 safeguard the stepwise regulation of phosphate exporter XPR1.","40858110","https://doi.org/10.1016/j.molcel.2025.08.003","Homo sapiens","UNRESOLVED","标题仅注明InsP8复合物，未给出构象状态。"
"9JXI","T10","TMD","Mol Cell (2025). KIDINS220 and InsP8 safeguard the stepwise regulation of phosphate exporter XPR1.","40858110","https://doi.org/10.1016/j.molcel.2025.08.003","Homo sapiens","arch-like intermediate state of the SPX domain","该标签描述SPX domain状态，不等同于TMD门控状态。"
"9JXJ","T10","TMD","Mol Cell (2025). KIDINS220 and InsP8 safeguard the stepwise regulation of phosphate exporter XPR1.","40858110","https://doi.org/10.1016/j.molcel.2025.08.003","Homo sapiens","extracellular gate closed; intracellular gate closed","通过local refinement获得；状态标签来自RCSB标题。"
"9JXK","T10","TMD","Mol Cell (2025). KIDINS220 and InsP8 safeguard the stepwise regulation of phosphate exporter XPR1.","40858110","https://doi.org/10.1016/j.molcel.2025.08.003","Homo sapiens","extracellular gate open; intracellular gate closed","通过local refinement获得；状态标签来自RCSB标题。"
"9JXL","T10","TMD","Mol Cell (2025). KIDINS220 and InsP8 safeguard the stepwise regulation of phosphate exporter XPR1.","40858110","https://doi.org/10.1016/j.molcel.2025.08.003","Homo sapiens","extracellular gate closed; intracellular gate open","通过local refinement获得；状态标签来自RCSB标题。"
"9JXM","T10","TMD","Mol Cell (2025). KIDINS220 and InsP8 safeguard the stepwise regulation of phosphate exporter XPR1.","40858110","https://doi.org/10.1016/j.molcel.2025.08.003","Homo sapiens","extracellular gate open; intracellular gate open; one subunit","仅为XPR1同源二聚体中的一个亚基；通过local refinement获得。"
"9JXN","T10","TMD","Mol Cell (2025). KIDINS220 and InsP8 safeguard the stepwise regulation of phosphate exporter XPR1.","40858110","https://doi.org/10.1016/j.molcel.2025.08.003","Homo sapiens","UNRESOLVED","R459C突变体；标题未给出构象状态。"
"9JXO","T10","TMD","Mol Cell (2025). KIDINS220 and InsP8 safeguard the stepwise regulation of phosphate exporter XPR1.","40858110","https://doi.org/10.1016/j.molcel.2025.08.003","Homo sapiens","UNRESOLVED","G621A突变体；标题未给出构象状态。"
"9JXP","T10","TMD","Mol Cell (2025). KIDINS220 and InsP8 safeguard the stepwise regulation of phosphate exporter XPR1.","40858110","https://doi.org/10.1016/j.molcel.2025.08.003","Homo sapiens","UNRESOLVED","R570L突变体；标题未给出构象状态。"
"9JXQ","T10","TMD","Mol Cell (2025). KIDINS220 and InsP8 safeguard the stepwise regulation of phosphate exporter XPR1.","40858110","https://doi.org/10.1016/j.molcel.2025.08.003","Homo sapiens","UNRESOLVED","XPR1-KIDINS220复合物；标题未给出构象状态。"
"5IJH","S1","SPX-only","Science (2016). Control of eukaryotic phosphate homeostasis by inositol polyphosphate sensor domains.","27080106","https://doi.org/10.1126/science.aad9858","Homo sapiens","NOT_APPLICABLE","SPX-only结构；与sulfate ion形成复合物，不适用TMD门控状态分类。"
"8TYU","S2","SPX-only","Cell Rep (2024). Homeostatic coordination of cellular phosphate uptake and efflux requires an organelle-based receptor for the inositol pyrophosphate IP8.","38833370","https://doi.org/10.1016/j.celrep.2024.114316","Homo sapiens","NOT_APPLICABLE","SPX-only结构；不适用TMD门控状态分类。"
"8TYV","S2","SPX-only","Cell Rep (2024). Homeostatic coordination of cellular phosphate uptake and efflux requires an organelle-based receptor for the inositol pyrophosphate IP8.","38833370","https://doi.org/10.1016/j.celrep.2024.114316","Homo sapiens","NOT_APPLICABLE","SPX-only结构；与IP8形成复合物，不适用TMD门控状态分类。"
