PDB_ID,atom_site_rows,bytes,chains_per_model,entry_id,errors,filename,mmcif_primary_doi,models,paper_family,parsed_atoms,passed,sha256,structure_scope,warnings
8X5B,6973,784569,[6],8X5B,[],8X5B.cif,10.1038/s41586-024-07852-9,1,T1,6973,True,cf0cdc52a244f6df69942f0967fa7e2eb3339273371d6957ef9c50e05b615d7e,TMD,[]
8X5E,3216,394931,[1],8X5E,[],8X5E.cif,10.1038/s41586-024-07852-9,1,T1,3216,True,06adc2024bc0b5a823b31ca8cbcc347b4ce648be84e5d0722f488a296d2d2c54,TMD,[]
8X5F,10855,1229948,[6],8X5F,[],8X5F.cif,10.1038/s41586-024-07852-9,1,T1,10855,True,f0ec22c44684078689d256a18212807d101c535a74d1c1dbcc0ea4cdb1a434aa,TMD,[]
8YET,10102,1038463,[3],8YET,[],8YET.cif,10.1126/science.adp3252,1,T2,10102,True,6c85036d69adee180535b9a27fa14ada937de7d0fd1dd7cb56b5de47565ccdfd,TMD,[]
8YEX,6532,666688,[2],8YEX,[],8YEX.cif,10.1126/science.adp3252,1,T2,6532,True,6343726b548fe22687769d909a743a441ff9d1f3cd1f80e79ad8a060b8840fa9,TMD,[]
8YF4,6620,692735,[4],8YF4,[],8YF4.cif,10.1126/science.adp3252,1,T2,6620,True,1efcd3f5c991c9a67f5c006ed950b132e2d55fe96271384ae5ebfe429cb73556,TMD,[]
8YFD,6588,674525,[2],8YFD,[],8YFD.cif,10.1126/science.adp3252,1,T2,6588,True,0f0f41535ee39dec1b8ca1aaafd30a75365bd130064e6ef99fd869dbd6b0afff,TMD,[]
8YFU,8419,909610,[2],8YFU,[],8YFU.cif,10.1126/science.adp3252,1,T2,8419,True,84ca042c2ffe53cb24d9eb9e68cb074ca9c930f1611feef6e0b47b56f013b771,TMD,[]
8YFW,8419,909732,[2],8YFW,[],8YFW.cif,10.1126/science.adp3252,1,T2,8419,True,eeff1e6cabfb7afd2b352b71a5700b243e35134ad15b2b341316d64127ef5d7f,TMD,[]
8YFX,6588,672058,[2],8YFX,[],8YFX.cif,10.1126/science.adp3252,1,T2,6588,True,3424d2a4cc66d7e77937648f178bb78a500d054a5c6d1f866a317b4263a46477,TMD,[]
9IWS,10364,1060250,[4],9IWS,[],9IWS.cif,10.1126/science.adp3252,1,T2,10364,True,f213e6fab2e3d1132de86013764fdc4fdfee14ec5fce5e109283147433ab758d,TMD,[]
9J4X,6588,745725,[4],9J4X,[],9J4X.cif,10.1038/s41467-024-55471-9,1,T3,6588,True,2d974d7e9d0e5ae25fabcf3b6e10d32c49fe085f6bd4185ce9774c519bce4079,TMD,[]
9J51,6581,742985,[4],9J51,[],9J51.cif,10.1038/s41467-024-55471-9,1,T3,6581,True,28795c27e7d1af2f64c403231a99fad179f02ce3949c2d30b332130de936dfb5,TMD,[]
9J52,6593,743914,[4],9J52,[],9J52.cif,10.1038/s41467-024-55471-9,1,T3,6593,True,d68c5a39a2038fd5c268c8855e4c75551fea7db16a8f9b6f799b673bb22e661a,TMD,[]
9J53,6598,745839,[4],9J53,[],9J53.cif,10.1038/s41467-024-55471-9,1,T3,6598,True,45d5de477a133744830a0f1e026c557642c035f98f6d58c3b8c66205600d031b,TMD,[]
9IJY,6818,788024,[4],9IJY,[],9IJY.cif,10.1038/s41467-025-55995-8,1,T4,6818,True,aaa47987f17881c809af5561433e9360ffb321013230a8e5c282d9b0c8e46dd6,TMD,[]
9IJZ,6818,784255,[4],9IJZ,[],9IJZ.cif,10.1038/s41467-025-55995-8,1,T4,6818,True,0027cc651b055b82fc8d6f75a6d19b7bb999b3c5c78575bd1a21ab119902ad80,TMD,[]
9J97,6704,815282,[4],9J97,[],9J97.cif,10.1038/s41422-025-01081-z,1,T5,6704,True,8e36bea7a807724cba00bced824ac7076e7cd5893ebbbcb41624d1a3aac9ca64,TMD,[]
9J98,6752,809706,[4],9J98,[],9J98.cif,10.1038/s41422-025-01081-z,1,T5,6752,True,88bb88e54e797046313062f433da13e4e5b20d4bb635e63606b50d0675066691,TMD,[]
9DVJ,12962,1352659,[4],9DVJ,[],9DVJ.cif,10.1038/s41467-025-58076-y,1,T6,12962,True,f4e1f9284483ea79f5fd8930bcd5675a9afe1d7d2f53ad7935881bf551c643a9,TMD,[]
9DVK,13112,1368577,[4],9DVK,[],9DVK.cif,10.1038/s41467-025-58076-y,1,T6,13112,True,fe489d938558bb20a373f2e0449376e6d7cece47932634745c7703d1e0bed3d2,TMD,[]
9DVL,13026,1360109,[4],9DVL,[],9DVL.cif,10.1038/s41467-025-58076-y,1,T6,13026,True,9ce6af6bf1f08995f480fdeec8791b4c1ce1dff886b293d083da48d413982df0,TMD,[]
9DVM,19789,1975692,[6],9DVM,[],9DVM.cif,10.1038/s41467-025-58076-y,1,T6,19789,True,77184c4a2f146b3efdd02c7a446bd21eb6e8b663b4229d1ed9e22a0c74b51d4f,TMD,[]
9DVN,19686,1966469,[6],9DVN,[],9DVN.cif,10.1038/s41467-025-58076-y,1,T6,19686,True,52589222e7cc316796cbc50a3c2233eba39a2ef682e0e40b156cc1698ae52bd6,TMD,[]
9DVO,19779,1974671,[6],9DVO,[],9DVO.cif,10.1038/s41467-025-58076-y,1,T6,19779,True,b1af9967ac0c4547f05ec2a03fd893c1d7aea48d0d5c22f40d6d1c21d182763d,TMD,[]
9DVP,19636,1961395,[6],9DVP,[],9DVP.cif,10.1038/s41467-025-58076-y,1,T6,19636,True,2786117632cdaabf9c569b8427f56784556c3684cbf209b562b3e1a929e631b3,TMD,[]
9INE,7520,848932,[6],9INE,[],9INE.cif,10.1038/s41467-025-58200-y,1,T7,7520,True,d9557cbe498eb0bf992b688ac370c656e7dff53385adeb55ee387c516f922d22,TMD,[]
9INF,7282,811744,[6],9INF,[],9INF.cif,10.1038/s41467-025-58200-y,1,T7,7282,True,fbdd5aa3c47bfb8c59e4530158d55c86ade781a48bfee7aa54062cba59392ef0,TMD,[]
9INH,10933,1153915,[4],9INH,[],9INH.cif,10.1038/s41467-025-58200-y,1,T7,10933,True,4994ad41c18b5e89a774b5d272850f511d431510b78c386730324c83c15a13c0,TMD,[]
9ITG,10451,1111773,[6],9ITG,[],9ITG.cif,10.1038/s41467-025-58200-y,1,T7,10451,True,9a8e9436c03366ac83c6e53afeaaf3317c5ea9ba8d1f424dd9647de2f2e64beb,TMD,[]
9IUC,10360,1099805,[4],9IUC,[],9IUC.cif,10.1038/s41467-025-58200-y,1,T7,10360,True,084e4f53557be1d2fb8ef3cacc7be62cb81bcb67655d5bc041601d442f8820af,TMD,[]
8ZTO,6590,741372,[4],8ZTO,[],8ZTO.cif,10.1038/s41467-025-58195-6,1,T8,6590,True,fa3037a65d615517465a8a98df903ca1ef7aecfcd4f56f533c58c12ca65297de,TMD,[]
9CKZ,9475,966108,[2],9CKZ,[],9CKZ.cif,10.1038/s41467-025-59678-2,1,T9,9475,True,4f3f9aa12fc4ffce163a98054a32898ba3648b681ed0ddde1cb8d9193c4873d9,TMD,[]
9CL0,6266,688917,[2],9CL0,[],9CL0.cif,10.1038/s41467-025-59678-2,1,T9,6266,True,bd95caf5bb145cdfeba844db113a7daf2a904d062461fac1f15a1cf69280fd4c,TMD,[]
9JXD,6304,644487,[2],9JXD,[],9JXD.cif,10.1016/j.molcel.2025.08.003,1,T10,6304,True,e059d90bb9d88c21072df602182278aa44789b0b306155f6a181f76eed84cc82,TMD,[]
9JXE,7577,789657,[2],9JXE,[],9JXE.cif,10.1016/j.molcel.2025.08.003,1,T10,7577,True,c0d10a50e6c2f7d8523a65065fdc1c4a0db816c0c89c5a639d490990378333fc,TMD,[]
9JXF,8821,908269,[2],9JXF,[],9JXF.cif,10.1016/j.molcel.2025.08.003,1,T10,8821,True,8320d199b792ec7cf11b5dbce450f299728a222694728932cc50bfa85eb235e0,TMD,[]
9JXG,9670,977153,[2],9JXG,[],9JXG.cif,10.1016/j.molcel.2025.08.003,1,T10,9670,True,871c69b6ca2408da484e3ccebc540444af0064e4b3369d171de3f2529841e3ea,TMD,[]
9JXH,9986,1016504,[6],9JXH,[],9JXH.cif,10.1016/j.molcel.2025.08.003,1,T10,9986,True,de8b68466487ef45cfb5020342d203bcf7bec96611b3bd00a66bca931d452972,TMD,[]
9JXI,9338,965345,[4],9JXI,[],9JXI.cif,10.1016/j.molcel.2025.08.003,1,T10,9338,True,68be401a2f3d6545efc3b692fae56603912f7ac1233848527b11d30b541d8695,TMD,[]
9JXJ,4961,537215,[1],9JXJ,[],9JXJ.cif,10.1016/j.molcel.2025.08.003,1,T10,4961,True,2625b4885f9bb61fe6202cdfbc1a3d8c35980df6d4e083031cf9c5b0455b91d8,TMD,[]
9JXK,5011,544734,[1],9JXK,[],9JXK.cif,10.1016/j.molcel.2025.08.003,1,T10,5011,True,86edc50000e5ae0fa62eacf297bfbba3cdadbac5e56e29ba2df58b2942d5b354,TMD,[]
9JXL,5018,541450,[1],9JXL,[],9JXL.cif,10.1016/j.molcel.2025.08.003,1,T10,5018,True,36564de250f22e1f8459f7937db8b44c3a34d95467b222b7f70c960b60423af6,TMD,[]
9JXM,5063,552303,[1],9JXM,[],9JXM.cif,10.1016/j.molcel.2025.08.003,1,T10,5063,True,31ef09d29a7b5a5d8ef363ec662594056f461a68eff2540e5c6412facc8d1f09,TMD,[]
9JXN,9748,973658,[2],9JXN,[],9JXN.cif,10.1016/j.molcel.2025.08.003,1,T10,9748,True,9494933a6124ae45e75d37fdfa112581f2ac4b6cd433b78740223ab4be0d4c1d,TMD,[]
9JXO,9906,990546,[2],9JXO,[],9JXO.cif,10.1016/j.molcel.2025.08.003,1,T10,9906,True,798e0e31afe2561c529a32e05424f1ba97cbab4fe08b2edff8db70227d0c5902,TMD,[]
9JXP,6430,659419,[2],9JXP,[],9JXP.cif,10.1016/j.molcel.2025.08.003,1,T10,6430,True,6eb2cac2f2fc2f8f00e6822246ed15018cd1ee4dad25cd53634dca587ed6b25e,TMD,[]
9JXQ,16094,1579856,[4],9JXQ,[],9JXQ.cif,10.1016/j.molcel.2025.08.003,1,T10,16094,True,b00f0923f10429918e17a1cdc6d6b00f5eae9df018d9e34850ca33939b2955eb,TMD,[]
5IJH,3092,631082,[6],5IJH,[],5IJH.cif,10.1126/science.aad9858,1,S1,3092,True,eba2406fa113ae9cb55f7debbb3389dade0a416bdb6b4b68a73f008933438eaf,SPX-only,[]
8TYU,3225,657494,[4],8TYU,[],8TYU.cif,10.1016/j.celrep.2024.114316,1,S2,3225,True,c6419a9cdb71735dfc1e2059e8e7eeaad0fe7f82238ab2a58005e974fb656d72,SPX-only,[]
8TYV,3096,611052,[4],8TYV,[],8TYV.cif,10.1016/j.celrep.2024.114316,1,S2,3096,True,4cf3132fa6932c418cc817cc2c025af18107d275c64a15d102d2a77c812b3189,SPX-only,[]
